algorithm,case,n,RMSE_w1,RMSE_w2,RMSE_μ1,RMSE_μ2,RMSE_σ1,RMSE_σ2,bias_w1,bias_w2,bias_μ1,bias_μ2,bias_σ1,bias_σ2,median_loglik
EM,1,30,9.446196785553164,9.446196785553164,20.8311710219349,38.16115121877905,14.535802694960093,18.483783473676375,-0.006020263819623617,0.006020263819623672,-0.01506321333922004,0.05476246870334581,-0.3893299931372102,0.5081287476001982,-33.19082656029732
EM,1,50,9.508411361117336,9.508411361117336,18.812889634137356,34.339172133800666,13.234163544923753,22.506389048653812,0.0007267219614186526,-0.0007267219614185971,0.020200209396241803,0.044760250866930626,-0.3479264169510192,0.6286590522036057,-56.845024152750256
EM,1,100,9.116875661233859,9.116875661233859,14.974428591212316,28.77820503114984,11.283694475341223,25.33045551748019,0.021449117818960084,-0.021449117818960084,0.0002643996247322658,-0.007167583674682969,-0.293977193217697,0.7388978925710241,-117.8855619572127
EM,1,150,9.888314926216482,9.888314926216482,15.884765414514032,24.840818267617387,10.378679942673282,26.825421334427652,-0.016911650067878647,0.016911650067878647,0.0014424712754324315,-0.014219533771162026,-0.2683270775045624,0.7984429898335826,-178.51668641054854
EM,1,200,9.761267023107594,9.761267023107594,15.153276765979053,25.013425640975747,10.110512791222428,27.875158709696777,-0.0027148517760107183,0.0027148517760107738,-0.005752543270403138,0.004628276398518696,-0.26719401284499145,0.8383425240645533,-239.27001936062675
EM,1,300,9.695717121166211,9.695717121166211,14.012315516349636,23.350337633860345,9.506269165047124,28.34635353810286,0.00844102714075079,-0.00844102714075079,0.0054183949687604096,-0.04918747883244582,-0.2520698767010541,0.8625286762512042,-358.6523709671974
EM,2,30,2.837757621167699,2.837757621167699,44.59136808576411,44.87253891976417,3.3114272431634952,3.186195710780937,0.007667859286237144,-0.0076678592862372,0.9931319454120376,-0.9936015197212443,-0.021912078798746182,-0.02438421297320792,-35.71650442846507
EM,2,50,2.3016016318536834,2.3016016318536834,43.995409846025105,43.966848501278065,2.411009443625085,2.4764768337486394,0.0033366682500534095,-0.0033366682500534095,0.9603604375253606,-0.9584291295829841,-0.015027249543433485,-0.015830932596915925,-60.97674570549172
EM,2,100,1.6927409541689988,1.6927409541689988,45.82286594006508,45.84007739012065,1.7614603432941656,1.7566998971775238,0.0049441851177811635,-0.004944185117781219,1.0479981172066877,-1.0464714220131828,-0.007111216641344842,-0.007004227071272018,-124.591534805349
EM,2,150,1.343604469203495,1.3436044692034947,46.26676215419071,46.30775727994748,1.427543093759967,1.406154330991405,0.0005461836372593343,-0.0005461836372593343,1.0709852992440598,-1.0729138172223789,-0.005603117190325024,-0.0024390704866427693,-188.04089011871116
EM,2,200,1.2308263917588513,1.2308263917588513,43.90325842293197,43.80071376225846,1.2621345122659404,1.2040825550194938,0.0012013028890438537,-0.0012013028890439092,0.961629997565285,-0.961687398690553,-0.004784729912041041,-0.0016499968359097172,-250.98575516989024
EM,2,300,0.9376295858743801,0.9376295858743802,44.06002277878034,44.085941539745974,0.9627063974072931,0.9872674437919828,0.00047531957647395373,-0.0004753195764738982,0.9693969151837385,-0.9717592552096737,-0.0016834449793818318,-0.002868685705982199,-378.4087773289803
EM,3,30,8.826230503463245,8.826230503463245,33.02901450729851,49.34131726776731,16.63165964440908,16.6232298501505,-0.23598471821158906,0.23598471821158917,0.5057541425913528,-1.2002893217890382,-0.45378454921662936,0.45712678087034025,-39.025398388662154
EM,3,50,8.78794619228863,8.78794619228863,32.828767329307645,44.29323599124589,16.477073730722722,17.333965920396665,-0.24638108285978622,0.24638108285978622,0.5479287197765711,-1.0854393570255363,-0.4453288304799833,0.47821017359753054,-65.8478325831062
EM,3,100,8.839264132584614,8.839264132584614,33.30109845885165,44.36126638121459,16.223851964036275,18.1494597750451,-0.2506656909831026,0.25066569098310254,0.6169144510511928,-1.0950150203386668,-0.43576312143655227,0.5039652181865824,-135.74799496478568
EM,3,150,8.986967845505271,8.986967845505271,33.544756237299275,43.349372569054445,16.30998585336852,18.255022641509772,-0.2583264874985924,0.2583264874985923,0.6341034323661066,-1.071839737959157,-0.4369367859847145,0.5105972682230024,-204.77636209394512
EM,3,200,9.212317514090836,9.212317514090836,34.34875637547376,43.99398350789917,16.647228308520866,18.848461510024876,-0.2660997669936388,0.2660997669936389,0.6921227423214357,-1.1072917980964636,-0.45043406949234077,0.5303905076135231,-274.6665249850484
EM,3,300,9.09898529860137,9.09898529860137,33.51997437817996,42.236083939307306,16.24483628935724,18.303869860271202,-0.25913267076335283,0.2591326707633529,0.6485295648500803,-1.03166846736895,-0.43066060722635646,0.5069005563305387,-411.76236545566513
EM,4,30,9.655757294532647,9.655757294532645,41.30933080639581,31.527712785200197,15.639127116148964,15.566728876347184,0.26896922593226524,-0.2689692259322652,0.9474509170405381,-0.2682663722644123,0.4211747956807969,-0.4136449230396453,-38.89092755327138
EM,4,50,9.164948802079078,9.164948802079078,41.098276858065425,31.853798766395883,16.959516502942343,15.604897272837567,0.25925027239660725,-0.2592502723966072,0.9664445274618302,-0.4039073268676354,0.46887955683608445,-0.41217431871623866,-66.84449310882358
EM,4,100,8.820853616571286,8.820853616571286,37.898658625614544,30.088267607256974,16.79089680385691,14.886919926571016,0.2500903240081336,-0.25009032400813364,0.8539753132344278,-0.39426550542067074,0.45552936041057984,-0.38274698247025485,-136.00080793350517
EM,4,150,8.656999498639756,8.656999498639756,38.86828184330223,30.67915233404961,16.911605611209705,14.952405731127262,0.24569603632463838,-0.24569603632463843,0.8870654478789092,-0.44870070372301707,0.4577660390575338,-0.3855669837124862,-204.4697054357337
EM,4,200,8.532378947160428,8.532378947160428,38.12232054831541,30.307112972907746,16.873643328911058,14.79121512868074,0.24094843217385742,-0.24094843217385742,0.859832203621747,-0.44874847070452883,0.4555579314394767,-0.3786518626612343,-273.6012502840947
EM,4,300,8.491733322307244,8.491733322307244,36.79137004112348,30.036001528599872,16.533231306331867,14.697841442961664,0.23884433215598544,-0.23884433215598544,0.816515894060742,-0.4238144524920848,0.4465790581619736,-0.3731444681084237,-411.5412726711651
DE,1,30,8.21455801450866,8.214558014508663,15.135016770219943,14.267010557440102,22.541220030969566,19.955412093503224,-0.17081053572514682,0.17081053572514698,0.006214362622019427,0.0024604641871192787,-0.5493427300264927,0.4409014582198983,-10.404468956989408
DE,1,50,7.882060711409224,7.882060711409226,9.378888744156123,9.776698445109867,22.262614460603558,21.25154864674481,-0.16463878827280687,0.16463878827280692,-0.011167414702604964,-0.009288394436028014,-0.5182053674694013,0.46892064282778756,-21.016105742567582
DE,1,100,7.906291475909454,7.906291475909455,8.977616515185709,11.306661440062143,22.121740485902215,21.774948737313405,-0.16551557016140017,0.16551557016140023,0.007803240705065093,0.0010313651122720077,-0.5005877968791972,0.48276903187477616,-43.826994156537026
DE,1,150,8.121276615644774,8.121276615644778,10.90066092610948,10.022858192243396,23.103678643745884,22.941057466536833,-0.17875114381173057,0.17875114381173057,-0.014411660896947088,-0.01977045773732275,-0.5421703585065176,0.5328421396245704,-68.12661802421293
DE,1,200,7.944269411883498,7.944269411883501,8.711868262798498,12.014735755031731,22.53363303730684,22.34551574529332,-0.17120703147258637,0.17120703147258648,-0.0022701451016916333,0.020750681791154257,-0.5169738022619166,0.5062512402158128,-88.80015748423537
DE,1,300,7.949102027673175,7.949102027673177,10.859224026764624,11.29648637655828,22.35765416918632,22.129811662098852,-0.17004938759996707,0.17004938759996718,0.011900418378679303,0.0015840828667591565,-0.5066864626653154,0.4977925902588485,-136.4167408565412
DE,2,30,3.9476025995254367,3.947602599525437,44.96013917755161,44.624506390987804,4.935146820111856,4.773149586667736,-0.003727986639583125,0.0037279866395832917,0.9830987857512347,-0.9904782530827065,-0.03427047863289456,-0.01988192711384268,-35.140968258080505
DE,2,50,2.9437379091636275,2.943737909163628,42.8875240557354,42.915348426265474,3.34404906084622,3.4705524364575973,-0.0015275910510781365,0.0015275910510781365,0.910439247387928,-0.9081735351801089,-0.014513322578162902,-0.016820912470471128,-60.49968525825339
DE,2,100,2.0301640011167326,2.0301640011167326,44.8987897543077,44.96313133009838,2.106584637439999,2.224240655074045,-0.0030171601396048464,0.0030171601396049574,1.0036997452619687,-1.0068880468187853,-0.008223593189613132,-0.0048350388437176095,-124.47526488437543
DE,2,150,1.6396303555442453,1.6396303555442453,45.75432729344252,45.70439337269391,1.6444147986775826,1.7015366211100005,-0.0016237425035955377,0.0016237425035955377,1.0415051180031223,-1.040807639813744,-0.006100371777353064,-0.004282726626054945,-187.7382758261079
DE,2,200,1.6560728577489678,1.6560728577489678,45.209646152543726,45.33569487367213,1.6849437827079496,1.841423238441554,-0.0014454806650808782,0.0014454806650809893,1.015622241189271,-1.023965037489236,-0.004007983599301268,-0.0010650200472069327,-251.16046065837665
DE,2,300,1.2495284586690099,1.2495284586690099,44.23682662493137,44.0243249187405,1.2887358491153524,1.3649774929793843,0.0017894495544521494,-0.0017894495544520939,0.9747694379844029,-0.9668038311943047,-0.0028926779192782193,-0.0009010014872490313,-378.4237220656709
DE,3,30,10.95825268690755,10.958252686907551,34.75885320504829,41.45241224138124,20.26129154959773,17.655396884059478,-0.2507511913320638,0.2507511913320639,0.5854479305472824,-0.9121095624818338,-0.4920352557680614,0.3856567902561627,-35.46449127941725
DE,3,50,11.013465007668387,11.013465007668389,33.74089394605911,36.57598592488767,19.802303270500243,18.621731707191202,-0.24258866167168724,0.2425886616716873,0.6384058495337689,-0.7937220688232097,-0.45528034330185485,0.40369885531099853,-61.93496604028286
DE,3,100,10.980894167045296,10.980894167045296,33.54750948816953,35.42705507452997,19.547945892549542,19.019407803413518,-0.23523773666520076,0.23523773666520065,0.659535129193511,-0.7521173428696077,-0.43674221944477365,0.4090695655135049,-126.67419323003226
DE,3,150,11.589266218865298,11.5892662188653,34.96262852583283,36.45938982865296,20.57308882253533,20.284674669839575,-0.26461505204685576,0.26461505204685565,0.7735983312542245,-0.823634659305333,-0.47767528595649067,0.4628859831467485,-192.13272055604273
DE,3,200,11.5406517747,11.5406517747,35.012085273901135,36.39680803557792,20.605144002621024,20.49497213836575,-0.26532740221738893,0.26532740221738893,0.7890602108221718,-0.8297842827248243,-0.47958756291795335,0.4713915680706699,-256.5059876841269
DE,3,300,11.085592544964584,11.085592544964584,33.438372153608874,34.168024814058384,19.57385364086818,19.463554668984393,-0.2409219975047603,0.24092199750476034,0.7005555987180584,-0.7397571384267544,-0.4314126206212754,0.42544637700261295,-386.8409456399231
DE,4,30,11.120765998031853,11.120765998031851,42.12339253599548,35.285038272033795,18.571957185348207,20.456624758771586,0.2530891694954478,-0.25308916949544785,0.9340514480342249,-0.6171372408201597,0.4128771021715439,-0.5055050455122241,-35.82518978272302
DE,4,50,11.224219437000302,11.2242194370003,37.19007443055726,34.52015581766217,18.86612809045375,20.149500482435442,0.248126614034417,-0.24812661403441694,0.8210207040883494,-0.6683639780306844,0.4155775635783941,-0.4747723564580094,-62.08902257519916
DE,4,100,11.267383709989542,11.267383709989542,35.71339824139267,34.26186118878196,19.721463296464854,20.102006103578724,0.25276417141403373,-0.2527641714140336,0.7874366448167908,-0.7212405675599126,0.43854162021899806,-0.45843197441550554,-126.67545460770717
DE,4,150,11.30329372867262,11.30329372867262,36.8182971662661,34.309516620922295,19.705449539230965,20.0868096503361,0.25156077464070237,-0.2515607746407023,0.8092173697149089,-0.7356176942134268,0.4403274863251259,-0.45776095743528755,-191.71612689174088
DE,4,200,11.194923356331437,11.194923356331437,34.50837064102406,33.89687850417162,19.533371104422947,19.921670564745256,0.24708728453137146,-0.2470872845313714,0.756275640357716,-0.708629458864953,0.4323887006111387,-0.4465192162184276,-255.88323154243352
DE,4,300,11.358878606607869,11.358878606607867,36.018896031093846,34.555586686184775,19.853195197845775,20.041645698286622,0.2512738832948803,-0.2512738832948803,0.7875892563268658,-0.7195034364607392,0.4429948157276608,-0.4511726331599848,-385.72458710388196
ECA,1,30,9.686546302629013,10.0223198213063,20.536409451539743,19.932058866034698,19.31927235728004,17.71119414199929,-0.16141803877511962,0.1612577865259036,0.0002830040555068768,0.02316576594928902,-0.6033943123486577,0.38175323385617416,-22.31333832329441
ECA,1,50,9.311574838847164,9.855894015297208,16.674494567835982,14.497156231254506,18.6895344679203,18.766870218444495,-0.16659992628864984,0.16620263473352082,0.011328738703820437,-0.00878309052371247,-0.5906505894511562,0.3896632926370135,-31.54526741831997
ECA,1,100,8.368899402023898,9.085700050697834,7.306086375740481,5.38668143117229,19.78388523816532,20.248216148357994,-0.17368366386915957,0.17321707602358632,-0.0023817235437785193,0.0032252474819489513,-0.5889546372124282,0.4228038844562584,-52.3991795879167
ECA,1,150,8.261230866048466,8.647256628447183,5.379238805214771,7.6460744543396215,19.5653823226268,20.04694842742971,-0.15643662835227823,0.1560478817368613,-0.0024080131959517007,0.002249018867690143,-0.5831981580836336,0.40884205684701913,-80.4954669359325
ECA,1,200,7.971353365282596,8.721686816491818,4.925714900986394,7.3239019747630545,19.209312514701956,19.959666806659136,-0.16620735569762113,0.16563419491348663,0.0026152607180818617,-0.0027190990381679887,-0.560975453896543,0.4083409643922553,-102.80307207786626
ECA,1,300,8.05769797693254,8.759058611953952,5.03184877402884,6.635611041042726,19.34425064503342,20.01838442145884,-0.1666069760896779,0.16608938499040887,-0.00010284729327587086,-0.002907154010960121,-0.5708028888952557,0.407811379155438,-151.5228288690447
ECA,2,30,5.990910327907212,5.845978616968572,40.045335685676854,40.20415195475173,4.082263005405003,4.451144169262024,0.007190758770396655,-0.007676824721391418,1.0151166764599386,-1.0199363701411823,-0.08648667682960615,-0.07304684676084772,-37.14014140702953
ECA,2,50,5.661173879265422,5.6139856448109295,39.188865121211066,39.0845445464902,4.064706055306206,4.309469841200006,-0.0013153764050320427,0.0005682006350816726,0.9639392202510971,-0.9700547484148092,-0.06966754363928285,-0.060014353446789626,-62.63801872824814
ECA,2,100,5.539272907107736,5.599647272212316,38.308553101773335,38.29482345863938,3.6319450928507795,4.062298532729069,-0.00650627536607179,0.006036691759166768,0.9464448884470646,-0.9470457699136919,-0.06454862124309418,-0.05375535909307261,-127.36395963539897
ECA,2,150,5.398918444034418,5.40502696256105,40.22451807615146,40.38251242713941,3.589308424442514,3.783698887740326,-0.0074399062424343465,0.007032704887973251,1.0210455587838874,-1.025516394074193,-0.06527806337773051,-0.058048790406105666,-191.53229347103127
ECA,2,200,5.532795013732318,5.266194789961156,38.33003745845436,38.08664525527986,3.925835374514392,3.5780370394222007,0.001539115568121363,-0.002210409387955581,0.9526105962559035,-0.9538893638929504,-0.05806582208906996,-0.06742035023565185,-255.33662736059694
ECA,2,300,4.984499108168526,5.4300219274840575,39.76720642707102,39.206886308195976,3.3171783400705213,4.074200823853064,-0.00856071073408371,0.007877134518531226,1.005710645839417,-0.9971157154868613,-0.06941502644121927,-0.05415293154020301,-381.6645269457799
ECA,3,30,11.028343541959917,11.646880999104454,30.651918646229742,38.740999604535354,17.107015541082884,16.12790585291159,-0.24798901049199606,0.24745222613788415,0.34810898346033425,-1.0977046315528218,-0.5456068047174902,0.33447984166904476,-38.51848206149599
ECA,3,50,11.231800000053463,11.739902163719774,30.657779386329487,37.15684112497111,17.58710569676106,17.61005882302133,-0.2571848985791096,0.2569358074206406,0.4673136543206136,-1.0647507102249176,-0.5565908220332821,0.3650674358096445,-65.31322326937305
ECA,3,100,10.947678157303224,11.628403158718875,29.701989472157237,33.01136503059873,17.592796753708534,17.810054773323042,-0.23887093411404203,0.23823216548781756,0.5306370689313205,-0.9355640079544555,-0.5043662369517656,0.34503614441014063,-130.06254668194785
ECA,3,150,11.638364511664664,12.179773532605822,31.028040609448453,31.78183768703461,17.99546774099281,18.731939803625675,-0.262770193281215,0.2622671591834428,0.5711424063277244,-0.9637623522576996,-0.5460268589153463,0.375626418368468,-196.12064784494686
ECA,3,200,10.871998877416393,11.409180224596044,28.676294162930894,29.353286304061083,16.95651922646512,17.508824112625152,-0.23259659285779177,0.23224098991113906,0.5175737643166564,-0.9034525104973135,-0.49773960137480744,0.3227450461751419,-262.2369905409432
ECA,3,300,11.065352165984883,11.555521267544117,30.482532358902095,31.282075599400837,18.09140341194525,18.650359774110743,-0.241412853062141,0.241070460573653,0.5871713037860592,-0.9427855671556042,-0.5197852476362896,0.37204955189377464,-391.3904977783637
ECA,4,30,11.738574778800368,11.168412380392041,40.60633005710947,30.821214093743315,16.16811832423511,17.050382723107667,0.25485161399066825,-0.25560321600278985,0.8177651437349733,-0.7241049903933165,0.33697434227872,-0.5693545921842833,-38.637341882329046
ECA,4,50,11.868758929837862,11.320612490413657,37.77145556942902,31.31788588096368,17.72973192701418,17.468398458082095,0.2502710994943834,-0.2510282469370609,0.7597065393537275,-0.8439795258504791,0.3654665302578558,-0.5420103008407762,-66.40606380071542
ECA,4,100,12.010512578394808,11.4751317126562,32.839939749103394,30.556113967383286,18.838217487624245,17.789023363360002,0.2575258026719034,-0.2580466284858769,0.6508373447670127,-0.880422454509279,0.38497912767995357,-0.529322110650243,-131.77301725281123
ECA,4,150,11.849721676353905,11.302019556553423,30.50099266422536,30.114575156403017,18.468858076997197,17.74078627909394,0.24616871688515451,-0.24658893816057914,0.5999440122679582,-0.8904743953230498,0.35967777574592985,-0.5240769396658278,-196.63712020169066
ECA,4,200,11.93645675237126,11.398006833381936,31.99789619753403,30.05755220299279,18.797636196499166,17.93593388501267,0.24842536819860006,-0.2488581603473835,0.6284491332815442,-0.8831918910746811,0.36864223859179057,-0.5090481862548084,-260.667296120091
ECA,4,300,12.27223374912326,11.567521185036068,32.14648625008917,30.61551307261664,19.540409897979384,18.125425946502997,0.26252781747445264,-0.2630340773228344,0.6359208409219792,-0.9441947767116892,0.39462315902764905,-0.5408911719473464,-391.3179597875113
PSO,1,30,16.746475582773954,16.746475582773954,49.3149965206108,47.23089415150871,18.806458415797117,23.596407685994407,-0.17466666666666664,0.1746666666666667,0.054779111687580914,0.03969858058438843,-0.4050065990135634,0.6099603526354118,-39.137666448531725
PSO,1,50,16.33333333333333,16.33333333333333,51.694612116391816,53.02413486383405,17.977624667685372,24.40151390386182,-0.1336666666666666,0.1336666666666667,-0.017411997189130564,0.07629175534330747,-0.33920638846058093,0.6233186543275537,-64.6637722456054
PSO,1,100,16.374098787753507,16.374098787753507,57.20148607319862,58.09648705122034,17.58380184521009,27.056634275860503,-0.1376666666666666,0.13766666666666666,-0.019300462960437404,-0.0012856501653197613,-0.2598126945619036,0.6943866667186296,-130.05729116008047
PSO,1,150,16.343534229508347,16.343534229508347,58.81714800832005,61.150487394606316,18.357727384540087,29.29775140792457,-0.1346666666666666,0.1346666666666667,-0.01833277505333217,0.03672034117171938,-0.25256784656172393,0.7590175087587406,-197.16881602229833
PSO,1,200,16.746475582773954,16.746475582773954,64.42211740862822,63.70924170987918,18.612758616822312,29.90317282393212,-0.17466666666666664,0.1746666666666667,-0.13951254487310144,0.008286124417648403,-0.22327295285464288,0.7744100136306987,-263.90035107502484
PSO,1,300,16.536155673083275,16.53615567308328,67.63332238651019,68.49205473139087,19.202980146782345,31.30720010832323,-0.15366666666666662,0.15366666666666667,0.06901578505406078,0.009719487566006319,-0.18415028094574049,0.7997698786879031,-414.01871781430106
PSO,2,30,15.811388300841896,15.811388300841896,53.879160615706795,53.41397983012829,13.4682638751229,13.568505494316257,-0.009000000000000008,0.009000000000000008,1.0345980134150836,-0.9844508902838857,0.14932080444434237,0.160259277980487,-47.82921659066956
PSO,2,50,15.811388300841896,15.811388300841896,56.38342915908943,53.38394773015051,14.240614134042485,14.32420447977606,-0.009000000000000008,0.009000000000000008,1.0364400944314016,-0.9268146762023497,0.19896393251072464,0.176601157461021,-77.7559680442056
PSO,2,100,15.811388300841896,15.811388300841896,58.30567654532788,59.42491501609163,15.861825735893705,15.609277349404604,0.013000000000000012,-0.013000000000000012,1.0457232628560411,-1.0825076543415504,0.2535964569046265,0.21691337906487718,-154.0896992347893
PSO,2,150,15.811388300841896,15.811388300841896,58.65710893650513,59.42931323975917,16.34777567652107,16.3064040597416,0.01100000000000001,-0.01100000000000001,0.9712323408522217,-0.9647044370027865,0.24118680065593257,0.22229586777446375,-229.465658024792
PSO,2,200,15.811388300841896,15.811388300841896,63.34296209912637,57.98258215280294,17.004220979189686,16.819131240913798,-0.02400000000000002,0.02400000000000002,1.108170789458891,-0.9154288736258697,0.27909674454829525,0.26045445250484156,-304.3137527040103
PSO,2,300,15.811388300841896,15.811388300841896,61.64331916616343,61.791706761023846,17.781974230931034,17.587479077151027,-0.02400000000000002,0.02400000000000002,0.9980812096230396,-1.0106300646159414,0.2749893500666093,0.29166593589887946,-456.53309689758424
PSO,3,30,17.53567791675018,17.53567791675018,49.566123502380606,65.44065562247546,17.7306311918969,21.873697276948217,-0.24,0.24,0.2173536589921122,-1.3742061194372086,-0.33896316306106566,0.5249695110902237,-46.531900978732
PSO,3,50,17.46424919657298,17.46424919657298,53.3995925963851,71.29992828771313,17.340172429333066,24.09667504276061,-0.235,0.235,0.02139383888753331,-1.4994026999923449,-0.27728169410184167,0.5897837201408704,-77.03703397145884
PSO,3,100,17.635192088548397,17.635192088548397,59.61854911269862,73.57124739056701,17.744334402376634,26.909812311604174,-0.247,0.247,0.1520201913236821,-1.3740386566994707,-0.20306536263317065,0.6649356706907261,-152.7521673439821
PSO,3,150,17.81852968120546,17.81852968120546,62.0326575716716,76.37659720306209,18.579832241389262,28.528184694176133,-0.26,0.26,0.09750067073929795,-1.379341818929275,-0.19375517313561363,0.7138640950416648,-231.1047475494978
PSO,3,200,17.564168070250297,17.564168070250297,64.564059329904,81.02535848102723,18.79583955216074,29.266122781381178,-0.242,0.242,0.06461196031553801,-1.4715140684904717,-0.1535228389368981,0.7200958900842678,-308.4753711833364
PSO,3,300,17.564168070250297,17.564168070250297,68.6679667664288,81.5952053820002,19.272894552207326,31.43953970888703,-0.242,0.242,-0.013532650390983949,-1.4220749915123547,-0.13370340699867111,0.8043842337805642,-462.9447726425262
PSO,4,30,17.930421077041107,17.930421077041107,65.32664186541508,50.061853040036695,22.3934001926504,18.510841007703842,0.268,-0.268,1.376924433419814,-0.0070626761389342985,0.5505840993442468,-0.3693144637989578,-46.38856157855574
PSO,4,50,17.57914231373021,17.57914231373021,68.91758307338911,51.70294131973382,24.51924273502728,17.816168685258152,0.24354790012819727,-0.24354790012819727,1.3865220017938362,-0.06329123591917152,0.6011241487304004,-0.2836626568223032,-76.51708001868907
PSO,4,100,17.52141546793523,17.52141546793523,73.63612366147956,59.51923840424804,27.2413934257725,17.543699681618232,0.239,-0.239,1.4220938628136042,-0.09656359999944009,0.6833637325385489,-0.20021930290933765,-152.8299101616314
PSO,4,150,17.421251390184345,17.421251390184345,79.61877005370793,62.57070792146098,28.79843092415393,17.83486208869383,0.23199999999999998,-0.23199999999999998,1.4767260992241305,-0.13136777672563893,0.7207763244883281,-0.16556211918755992,-230.1923343655523
PSO,4,200,17.719588773614298,17.719588773614298,78.62429322078555,64.13243737634028,29.430390220201623,19.084225594937124,0.2534652354664032,-0.2534652354664032,1.3900803695322137,-0.1253518356785266,0.7365835556858453,-0.18376043953063326,-307.4442684404488
PSO,4,300,17.564168070250297,17.564168070250297,79.27456951469624,69.07011148624412,30.755763413211927,19.41760658185117,0.242,-0.242,1.2990180825466464,-0.051605332069993404,0.7648073000299829,-0.1237857684389485,-462.5904788767627
SA,1,30,10.535906040076023,10.086214879647239,36.32886849209092,35.88383163959523,18.876157281473013,17.18454940813287,-0.16358160308560765,0.1486598849878717,-0.022041811424427515,0.017854497915020834,-0.5233697320602132,0.44980053435460504,-79.6182685764166
SA,1,50,10.110259402793353,10.567465951231846,40.94148721842083,41.230110191142764,18.360061110223274,19.30886956818174,-0.15157346998814503,0.16342114458269974,-0.03887727349993045,-0.04374124890539572,-0.48051794041858475,0.5154012715374454,-135.23879989779
SA,1,100,10.818819180187647,10.187982866735085,45.174833726397225,43.63218214109453,16.687281807087064,21.109787941636373,-0.17804811021243205,0.162122208937986,0.03558826112078407,-0.006726170262652324,-0.3975777562270917,0.5705782471407769,-259.50541126953306
SA,1,150,10.228398716761983,10.72775947338931,45.87122780471769,46.93114438829195,16.33314389782748,22.877042087088945,-0.14974649075012691,0.1706874179330154,-0.06262335619917746,-0.05476208971090087,-0.35661979135807376,0.6268373529655151,-389.5684122021926
SA,1,200,10.657811314046922,10.691756720765532,49.05616067104526,47.51983466783337,16.99528218744718,23.64923249651504,-0.17318113419936143,0.1725046299053084,-0.04245840180791336,0.02379751106348303,-0.3650544053341216,0.6431000400819108,-538.5311120328652
SA,1,300,10.620734378890191,10.371032375605019,50.88656963723923,49.554079100350556,15.919147691030679,25.012645329780142,-0.15973667435242722,0.17443175374664593,0.05232213994358737,-0.0011656138758251908,-0.2855266224220405,0.6810366311177162,-765.9937580566736
SA,2,30,9.20610328968259,9.261225451908157,44.77306468507446,45.481016126562594,8.048008882514797,8.169614043254597,-0.0032446724269983296,-0.0019723776562399764,0.9680879353584951,-1.0060257295429782,-0.011098863424288896,-0.011339574904623562,-92.85976802932113
SA,2,50,9.227827711717712,9.141303306671576,46.5346977106966,46.82261780088426,8.759482553660785,8.726586134491344,-0.02674302337378681,-0.0025848078798466623,1.0020419639605642,-0.9892915398529301,0.032686828416573055,0.022523933795654982,-151.53212765494447
SA,2,100,9.120066533088082,9.06701567147048,47.1406615845658,48.57310594631192,9.701567881588845,9.710927912592478,0.013517379961312193,0.0007696778723941256,0.9544746888425104,-1.0318047654406393,0.05463329941789108,0.07029511060880533,-288.04264938472545
SA,2,150,9.159845539878942,9.092994704193725,48.713796682377435,49.43215820270385,9.769566360417468,10.008698793954178,0.008767688343355062,0.007109717156284612,0.957695168858996,-0.9925400867580954,0.07981458474276582,0.08093521595756237,-432.7212008395592
SA,2,200,9.016099752810039,9.283371283525522,48.788281410420296,50.528688932863304,10.213014092520323,9.90969151534045,-0.020348988891789488,-0.006625003264103202,0.9440011812264816,-0.9908190557535977,0.08918821479113281,0.09262357526763387,-575.5857553554836
SA,2,300,8.989747511035578,9.006190135263932,50.390217604863096,51.464734961041195,10.386546546666155,10.387959642653628,-0.00040039723855839204,0.00019248916102176938,0.9660895226723452,-1.0086469055542506,0.10403432691726577,0.1055587795503341,-840.8012290155016
SA,3,30,11.862689839888782,11.940305423137259,38.590953557535876,60.820955085364396,18.71084262032911,14.955878301891966,-0.24039259221154652,0.24982441636020425,0.05263042236016913,-1.480707550154653,-0.513637049067208,0.37077697499669465,-95.02034815414905
SA,3,50,12.045837088731954,12.2222780814157,40.96307348085047,63.58364929243667,18.30805101300315,17.042234281093258,-0.2496609861277831,0.25180420631874056,-0.08722570822963545,-1.5166209753372435,-0.4812762076462681,0.424398067677863,-157.29549981111455
SA,3,100,11.992756585280976,12.119626486941577,44.48294987295356,63.950067244866055,16.66197845491019,19.487723683526976,-0.24663906263151192,0.2570556473322564,-0.07760793902881741,-1.4573223205910726,-0.38767085064184303,0.5024929530869897,-276.21951772244336
SA,3,150,12.207974024268044,12.217854763795916,47.554255595572066,67.89714267619588,16.775899822235594,20.884020502798364,-0.2550480947906062,0.2542169032900429,-0.11230412979332713,-1.5226484911701912,-0.3712769653383119,0.5348186722677342,-439.5940197811734
SA,3,200,11.956507988722633,12.304698859162734,50.09177269951464,68.57876097961413,16.096749841659893,21.542025069169483,-0.24539806950185172,0.2586793922795142,-0.013828387747593204,-1.480073085226153,-0.3391706592584277,0.5538230871322973,-575.4024511530843
SA,3,300,12.374335595592783,12.312055175762305,51.665609440917706,70.89000894522043,15.675396970183407,22.440968346881416,-0.26035495419458454,0.2615596005483033,0.02269321863944513,-1.506281400859445,-0.2868577122735899,0.5812575232207451,-840.7227630453256
SA,4,30,12.376497974455734,12.090308544466735,60.921314132724135,37.96639751672839,15.523747842188039,17.98377396102247,0.258161756257957,-0.24862322879269205,1.5086056209688525,-0.03342634618385887,0.39349176396097857,-0.4883566159998354,-89.62107021053117
SA,4,50,11.841216570926653,12.227773720999044,61.0899420702816,41.892818681005025,17.19004423679104,17.999758745838815,0.2417484777098392,-0.26201731246549226,1.4493737418484425,-0.06357944238419644,0.437340711825661,-0.46385497575943957,-142.99928374945515
SA,4,100,11.80695891617764,12.089441413208192,65.26111464067432,45.18888470970324,19.253953431962163,16.78408964478424,0.23410962759234055,-0.24598920373020117,1.4899415669540423,0.019956466418769025,0.49283823825250556,-0.3865643660757019,-287.3619790867775
SA,4,150,11.891305286730367,11.805030088908461,65.74422851640169,48.20767240860154,20.99712485427652,17.135634045918543,0.24021407666929745,-0.23995548571229175,1.4279362826475215,0.004100649708481674,0.540770808962435,-0.38586307384635965,-429.0078450557139
SA,4,200,12.173844400310472,11.90861155484696,67.07164629371167,49.75939831327688,20.80953303253776,16.782492882052207,0.25523839606923604,-0.24489006408055114,1.4596678067911086,0.01291419157908913,0.5287425397246392,-0.36264726374597467,-579.2920286669635
SA,4,300,12.133498356081587,12.015523545382274,70.7523051274845,52.12397721829569,22.496457217798767,16.132757762315002,0.246030178163946,-0.24926513707434572,1.5112824968740135,-0.050105718984404524,0.583425180811765,-0.2958692631915135,-853.1105516048033
WOA,1,30,16.516241218556893,16.516241220529576,36.53068404076987,36.077358839508484,14.880220421511407,23.605700546559216,-0.17451489870539216,0.17451489867858322,0.49264034363766596,0.48513560534173533,-0.3341089378982667,0.6654920035544809,-35.64120165006257
WOA,1,50,16.609010705832308,16.609010705812455,40.591888311098245,39.36622709848301,14.380255543311153,24.952461424575066,-0.17861442516648252,0.1786144250597435,0.5026018883265633,0.5054971097094267,-0.2811989633218559,0.6986571768130524,-60.2063439965799
WOA,1,100,16.340623306943588,16.340623306626,44.91030036288768,45.78763940607914,14.574827982153817,26.29723065759713,-0.14896960876375276,0.14896960865901177,0.5892876494566093,0.6264503842621116,-0.23545340943388704,0.7305653965409495,-121.58724512183642
WOA,1,150,16.444406529248337,16.444406529080656,47.61569588970295,46.735331133748815,15.29433246497906,27.472421798746858,-0.16823133849408484,0.1682313385066912,0.6074917843161267,0.5886298784798366,-0.23614807521641834,0.7641655643609464,-182.4679382485458
WOA,1,200,16.374931973133002,16.374931972029607,48.71350350003062,50.19197294594481,14.753775745748126,28.467466175705432,-0.15927788951948174,0.15927788937908222,0.6642693783767878,0.5758479696712024,-0.201168208454496,0.7872914560103592,-243.72931175246353
WOA,1,300,16.588795252573046,16.588795255026906,51.73321340696917,48.74304761766105,15.727731681863155,29.47775886079497,-0.18239712015680176,0.1823971201504569,0.56564604416341,0.6035167979841608,-0.18615414710046985,0.8249942435283877,-365.7147128986392
WOA,2,30,15.572760978434344,15.57276097648131,55.711755986441105,35.465589597204755,13.32379493849137,13.359668565430592,-0.02206139444233679,0.022061394620148445,1.456665818759197,-0.5516790352945522,0.2522244204904245,0.26734850353015827,-46.41685672625079
WOA,2,50,15.569773047081416,15.569773045556445,58.193591071236774,36.9821167265306,14.459507468369459,14.647711971796843,-0.007979371490226705,0.007979371719893158,1.4986739443180026,-0.5408994620582879,0.27942348469399947,0.30047459087889583,-76.54206716905779
WOA,2,100,15.597849215420094,15.59784921467765,58.837919477920856,38.61020914513983,15.99577033621732,16.210635448671187,-0.007999941731265281,0.007999941725913784,1.4891534963929285,-0.4564376621098337,0.32981501073413,0.36977476985951174,-152.2227865485514
WOA,2,150,15.577489213972466,15.577489213416762,61.001116502031834,37.87812996790981,17.14128514335519,17.083661600229018,-0.0026585010576363755,0.002658501102141053,1.5674203973353913,-0.41485802543698946,0.4077517364077389,0.3911058840356213,-227.3311292054071
WOA,2,200,15.574986270038627,15.574986269991847,61.33816886443449,40.03278126024429,17.490735687408698,17.399215829900864,0.02159916543285767,-0.021599165467072967,1.5464434515261014,-0.4373715293412055,0.3996227904137003,0.3821427123301573,-302.259990359169
WOA,2,300,15.54828362401347,15.54828362549471,61.55909487597506,40.07892992064561,18.022471523888584,18.116700247765106,-0.007123771400767531,0.007123771332627982,1.5289138888494727,-0.48868094669039686,0.41369360462737514,0.4089243968542797,-452.8783079033513
WOA,3,30,17.469918615435724,17.469918610133732,40.71919503840681,40.282533068198056,14.187577030384041,24.595029486717298,-0.24620709607311775,0.24620709597679324,0.7774422707671808,-0.7497636026719838,-0.23167932127053936,0.6823453421591796,-45.06029202286084
WOA,3,50,17.540194437427076,17.540194435137707,44.077827345945515,41.27203984957923,13.54010943105065,26.283478012123602,-0.253543533329601,0.2535435332800362,0.7887518382820833,-0.685786969222261,-0.16206869378612898,0.7305774377144305,-74.91922597735497
WOA,3,100,17.831929738010064,17.83192973824913,46.2704799355286,44.58278351451512,13.397878818580725,28.66050504564338,-0.273065303193923,0.27306530319595124,0.8051240475017813,-0.7383996381160675,-0.09081745622571347,0.8097550792435644,-149.90750935982106
WOA,3,150,17.519900283905336,17.519900284659357,49.682681828515555,46.174033734128805,13.536679417406814,28.94902825025163,-0.2493545380515514,0.24935453799971513,0.9014701548901571,-0.6394338624915429,-0.0686721059205686,0.7979148208552878,-224.80534997008098
WOA,3,200,17.291121268417605,17.291121268054745,53.050951759384674,46.640556175941235,14.485165677648732,29.089065014114613,-0.2348802918821854,0.23488029201552652,0.9510537184873732,-0.566387110800692,-0.06304919858914115,0.790848391973366,-300.23509268183767
WOA,3,300,17.463124247016378,17.463124250699316,52.26624615641465,48.23292748587764,14.297831616166544,30.48219744444504,-0.24902297767025794,0.2490229776986122,0.8920272863399304,-0.5769977856777282,-0.015712580357607586,0.8508479034876395,-451.0018294424375
WOA,4,30,18.044564848491735,18.044564846483308,68.18920429167541,43.25949909518655,24.728658406059523,14.036038216017987,0.2855558136727132,-0.2855558135915042,1.7339424881681567,0.28761988699292473,0.6943098774473593,-0.22890891507691002,-44.88613150877016
WOA,4,50,17.458868377401238,17.45886837771797,72.71376301670311,45.24714886808331,26.64755434976003,13.08681945149887,0.24305178168003067,-0.24305178177396713,1.834898615137372,0.35441008894881465,0.7449211085822189,-0.15257102879424056,-74.75546375184304
WOA,4,100,17.529569265501255,17.529569265312947,76.47541377422834,47.274793797097374,28.200988014155985,14.004493417138018,0.24928266100628405,-0.24928266095846086,1.8707280739901668,0.2958621934286405,0.7894939359544724,-0.11096315873677653,-149.8486860047102
WOA,4,150,17.57765249820373,17.577652497200976,80.89628634207655,51.61301223885279,29.266954723226117,14.413979260112729,0.25841451324467746,-0.2584145132123753,2.0048286043596737,0.4013106936827362,0.8144498609105861,-0.09495646238652566,-224.8697440335435
WOA,4,200,17.745234031572366,17.745234031170238,79.43601742954436,52.5684211992486,30.232217662166725,13.754785012155235,0.26488328213451906,-0.2648832822163523,1.9717921701813585,0.46013475934223536,0.8616872280312771,-0.04230351578019875,-299.6455023076534
WOA,4,300,18.051084142733696,18.05108414273005,80.85752214921307,56.81473950425572,30.762012215265553,14.871323972855375,0.2901025049793441,-0.2901025049669106,1.9438880744796696,0.4335066297272143,0.8620535218067271,-0.04102035018102013,-450.01458245052294
ϵDE,1,30,11.523686489445623,11.523686676086959,28.561420262371364,29.493882253478613,21.792121941583677,18.956007907318778,-0.15956288907874494,0.15956289299013754,0.03049060044686756,0.003131713502863021,-0.5387614601694148,0.4164061889775467,-6.824514249559055
ϵDE,1,50,12.24243497769766,12.242434977697663,31.869208681709896,31.504622833526263,22.77390735801125,20.89282819057748,-0.176602412029765,0.17660241202976507,-0.01724007695157358,-0.018654135231135252,-0.5558609258017034,0.4769779243058923,-12.188160275616458
ϵDE,1,100,12.411883322004634,12.411883322004636,37.514994400267675,35.45273976843021,22.875812745412922,21.248771925878884,-0.1836452084426452,0.18364520844264537,0.025435208566057604,-0.03568759027784413,-0.5540207235454647,0.4842463207933406,-26.17606965918915
ϵDE,1,150,12.115767243158441,12.115767243158443,38.407269419632165,36.32944484479752,22.401332281146498,21.256517387763658,-0.18164235355342595,0.1816423535534259,0.025887720859356356,0.07592657466182233,-0.5272664032445045,0.4826742717899462,-53.14068143212734
ϵDE,1,200,11.955806712869446,11.955806995814381,37.91968422390331,38.41304778196444,22.501910863742815,21.397944286840676,-0.16512155474335521,0.16512158300081187,-0.018563270236139757,-0.002268510965486482,-0.5380520436902811,0.4874753153589918,-68.67620606746121
ϵDE,1,300,12.464536654063902,12.464536563294635,42.88216365699326,40.54021586690498,22.163190151108967,20.78229969112929,-0.17151516324448485,0.1715151553932291,-0.010250077528595601,-0.03613186708076464,-0.5237937944707578,0.4694546691848837,-112.21862854889172
ϵDE,2,30,6.017611779512817,6.017611779512816,44.10533531171675,44.538965737299726,5.897707019205229,5.918005219864479,0.006157942257333904,-0.006157942257333848,0.9440947473082946,-0.9481385773134926,-0.011623807765332561,-0.02597327595781246,-34.94776215272469
ϵDE,2,50,5.908849914773631,5.908849898346833,44.351935614385994,44.96525985253753,5.54288325191529,5.689140095875693,-0.001425911970927396,0.001425912674967167,0.9642466876657992,-0.9746183862977573,0.0039006933540263744,-0.001549332070442555,-60.97358573144464
ϵDE,2,100,7.802661872217999,7.802661872065254,45.69033481263706,44.71560674889516,7.633454851356795,7.801039714295724,-0.007152441027164169,0.007152441056427872,1.0006538633391566,-0.975604369643014,0.014695276177557837,0.030749336331091448,-125.08918096786044
ϵDE,2,150,7.843227380779006,7.843227380779006,45.75579003841237,45.364016419648905,8.096449895620593,7.882581064960051,0.007616145069581637,-0.007616145069581526,1.0207262627473517,-1.001884801709432,0.03512095498361911,0.025796842209441118,-189.20408304029172
ϵDE,2,200,8.366682070833392,8.366682070833392,44.89015327260446,44.23633183603844,8.544508835183418,8.700270366504089,-0.0070752596416186475,0.007075259641618703,0.9817292891077386,-0.9776628831309582,0.034568272388842525,0.05036342121983994,-254.00740355353173
ϵDE,2,300,8.880456401163828,8.880456238273707,45.859458735352014,45.33774777947565,9.357669622679614,9.464144018230847,-0.005467703521988387,0.005467696296387881,1.0449585921047606,-1.0300599731342637,0.034789075396368996,0.04680126951493341,-383.146957802092
ϵDE,3,30,12.53411754623221,12.534117546232212,37.647972616764726,46.55593416791737,19.9919262326043,18.138444145705254,-0.24568461878593006,0.24568461878593006,0.4605188694362229,-1.0167849886999718,-0.4862356404810817,0.3969689791348036,-35.09194766484025
ϵDE,3,50,13.296506992314352,13.296506992314352,38.28216762412442,48.76596351200557,20.013476450362123,19.278186549672444,-0.24937414079664488,0.24937414079664488,0.3941048783518564,-1.0620967791310616,-0.4545744725768628,0.4227901170976142,-61.658955137691905
ϵDE,3,100,13.898336557344452,13.898336557344452,40.450694387473646,54.216795585333294,20.63075840491882,20.869410139465554,-0.2553898937737217,0.2553898937737217,0.43375883709080887,-1.1562028049103432,-0.4528264721923664,0.4641162728730736,-125.60711030329807
ϵDE,3,150,14.294300196262295,14.294300196262297,43.367737393892654,55.503111161854996,20.93800069994033,21.26500146786361,-0.2672949465699222,0.26729494656992236,0.33421791968106696,-1.2070194640436176,-0.4588749357267281,0.472767793660919,-190.0183316859463
ϵDE,3,200,13.683465391022908,13.683465391022912,41.56454123856585,56.37452122306717,19.765274627068194,20.76018455294256,-0.23364047229390728,0.23364047229390733,0.2771284837453601,-1.1486102058212766,-0.40158976203559504,0.4445210976255178,-256.79912939422525
ϵDE,3,300,14.05596261587101,14.05596261587101,44.43478845340922,59.493516182060574,20.363912191449185,21.118955844972586,-0.25103080439366143,0.25103080439366143,0.2812054049901419,-1.2582480200431436,-0.42884900581201446,0.4614906507413306,-384.488004278557
ϵDE,4,30,13.213413139398037,13.213413139398037,47.06484500827187,38.96957728626546,18.87612500093933,20.65712980619022,0.27326627343565857,-0.27326627343565835,1.0598900582052988,-0.3932246102207866,0.42469316271149976,-0.5101699606045877,-35.18019407298955
ϵDE,4,50,13.367112578370797,13.367112578370795,49.649648623854496,39.357037680133004,19.7398274396064,20.397278812031463,0.25902465015770293,-0.2590246501577029,1.0996390731653543,-0.44389826620435024,0.44058832254118746,-0.4699041919956729,-60.89243221666716
ϵDE,4,100,13.862941671122664,13.862941671122664,53.26231167715021,41.07370254445623,20.550054958076814,20.162155333088755,0.25577710780678786,-0.2557771078067879,1.1427858696833364,-0.33468679251095157,0.45016854737632744,-0.43438681510818544,-125.2314711681681
ϵDE,4,150,14.29655935121124,14.296559351483932,54.89671974226609,43.98500459750231,21.38263570852895,20.865422892421243,0.2700990575477369,-0.2700990575122557,1.1848575349248835,-0.30409297151742765,0.47868946920452854,-0.4602548666361711,-189.63938384225247
ϵDE,4,200,14.100024848749065,14.100024848749063,56.022813214301934,43.54079526507078,21.243843897970706,20.414963982212537,0.2538593009257606,-0.2538593009257606,1.1876353977310596,-0.28054403990125065,0.46798542970608675,-0.4318747999061342,-255.21754758318193
ϵDE,4,300,14.64877884058902,14.64877884058902,60.04637317808152,47.640895303575974,21.730213313846345,21.279479596641245,0.2749649289333005,-0.2749649289333004,1.2797022601512649,-0.17969495844145156,0.4896440686847014,-0.46301153353633995,-380.84090006774943
