method,loglik,β₁₁,β₁₂,β₂₁,β₂₂,γ₁,γ₂,σ,n
ECA,-115.51392131270443,79.03984212189305,12.841988005822316,-8.620519922147455,3.551967735207789,-1.2192654383624202,-3.8204094828388993,8.385273840397225,30.0
DE,-49.16206252366172,80.99750395133347,-1.0402947926162973,-1.8691954452868034,31.87339940860687,-0.7152619362636461,0.09993608782406782,0.7066644422759187,30.0
PSO,-113.22134463837426,111.41578544691522,-19.45691081685506,-32.91136388965201,32.91136388965201,10.0,-5.0,10.528244820225984,30.0
SA,-504.895615165106,110.38272872164035,-32.58047877247429,5.6014362279099075,30.20649271006895,4.285126781497723,-4.765128659457288,4.312198401997127,30.0
WOA,-112.92270261465742,80.44674135580169,11.54329223794342,28.65555700687735,25.496218858311508,-10.0,-4.880847745967321,10.426454949223459,30.0
GA,-50.356440379083054,80.3678503658245,-0.42942366297515006,0.5697900356055569,29.58108165259168,-0.7984070263596399,0.17473748102149073,0.9201320046803525,30.0
εDE,-49.16206254709711,80.99743486744254,-1.040209430816299,-1.8691826492090478,31.8733765645356,-0.715379722620268,0.0999439992552471,0.7067088588277617,30.0
EM,-504.895615165106,2.316309438e-314,0.0,2.316309438e-314,0.0,2.316309438e-314,0.0,2.2294313775e-314,30.0
ECA,-109.88940689536571,86.46714257613272,-6.383872272912679,-5.949667041708679,21.193219312498595,-0.3078366637628207,-3.033107636697674,5.623757424050225,30.0
DE,-51.6200582207298,79.25499512887411,0.7960364717485009,1.1546897589376872,27.800041679576754,-1.464880977875123,2.445571040126253,0.9851773218906343,30.0
PSO,-73.76407803702705,77.4667668525038,2.5777436791612525,-4.826740209920254,33.80597386964385,-1.841408523885407,-0.10315606821047653,1.914650661998294,30.0
SA,-431.7360480249604,106.09013806838595,24.566324655993512,-3.194333525919312,6.170042338312343,1.9131662222117356,-2.5577138282543843,7.741472384774901,30.0
WOA,-58.857195802647595,79.60091162775336,0.5714980794032926,28.411969688683378,0.472106726902626,-1.260508912930535,-3.4217088718389213,1.178131468729608,30.0
GA,-51.77626683645538,79.18064070003355,0.8978671531711724,1.2443499955921216,27.663597911620272,-1.2300811437268067,2.6907901412067314,0.9783603567876314,30.0
εDE,-51.62005822516011,79.25499880135298,0.7960471894138266,1.1545977960761737,27.800112460027638,-1.4648207641087025,2.4455006666676407,0.9851785855157129,30.0
EM,-431.7360480249604,7.746817145778674e-304,7.292909059267073e-304,7.746817145778672e-304,7.746824126402542e-304,7.746817145778672e-304,7.748604185489348e-304,NaN,30.0
ECA,-96.60312087623194,80.71865496792716,0.9334569229513647,28.36296284907761,3.2589558269398626,-1.5827453449631808,0.15440205712160004,1.2442563687674868,30.0
DE,-51.15197942414137,79.71644728409763,-0.4238522374875169,0.25704853614472434,30.606404136638684,0.0029012501240424093,-4.999999999889947,1.0544376355841623,30.0
PSO,-111.5356309064559,105.50888987957124,2.6820130085935356,-26.1477803306294,0.0,1.155706558391139,5.0,11.636578666890408,30.0
SA,-330.3474305652685,98.72150730828416,18.702001802943307,-11.797767751455257,15.346990005768607,5.19155337104478,3.8755363210782825,6.130944964299202,30.0
WOA,-62.51876597548579,111.72374865642276,-2.8858958378948762,-32.20293792833271,3.068914113348438,0.9865696982619685,0.21616468919418705,1.2175429475672357,30.0
GA,-51.29797129160596,79.59833129459554,-0.2677358220018389,0.37146088103794217,30.45669622646264,-0.20178083238569078,-4.975253723039049,1.0790493314043879,30.0
εDE,-51.15197942418298,79.71644636938834,-0.4238518334888397,0.2570524922552817,30.606399958737693,0.0028996480707699224,-4.999999999732017,1.0544361641539262,30.0
EM,-330.3474305652685,-1.167537178048406e-10,5.542892141e-314,5.54290105e-314,5.5429009236e-314,5.542893169e-314,5.5429016825e-314,2.0e-322,30.0
ECA,-115.05400750291467,84.28678608595234,5.230026978065695,1.2466163885208985,23.993305519049223,-9.157825655838796,-3.8421028013889815,11.148038890864736,30.0
DE,-56.608870257281765,80.4903706761706,-0.6468349025091751,-1.9360529145706273,32.31009669006094,-1.1673489583629169,1.4907613346548505,1.0453254284834221,30.0
PSO,-84.87830977851598,112.08812131626108,-1.870484284565867,-35.47726461478071,5.10311147659694,2.0149029964106,-1.2039727200215766,2.553881597186777,30.0
SA,-190.51848339393734,98.57291373904154,-14.183147866650131,-5.856961432026807,5.716705475358444,-8.777091627639058,2.643619447135455,6.708649195541021,30.0
WOA,-64.58193909455224,79.31415860572152,1.5964249950843783,-0.3963451710430366,29.503347614379734,-1.1098157495103458,0.3035302459416976,1.7402109283448908,30.0
GA,-58.33583839413883,79.1274697645378,0.8294004886422376,1.7891938055301946,28.536461253455364,-0.44170397423166685,0.7072696256905668,0.9965303902813964,30.0
εDE,-56.60887028601736,80.49039331773639,-0.6468684807617446,-1.9362006382825356,32.31034202905724,-1.1672075575529772,1.4905938495892608,1.0453198799125978,30.0
EM,-190.51848339393734,0.31240817854921055,5.49535369e-314,3.029377193949653,3.5e-323,3.5e-323,4.720319893003158,NaN,30.0
ECA,-117.60456391174625,111.09711958661656,-16.1964138082016,-26.87397304291444,21.52024853553259,0.8152446738701808,3.4715997705646977,11.524757713229233,30.0
DE,-43.60815534216128,79.28279963504586,0.5015604567967458,1.391680708658365,29.50456786930447,-1.4650936588299253,1.42932071485206,0.6668815246822115,30.0
PSO,-63.71816027476292,78.31314823722883,0.7350353945772324,0.018762694819357464,33.085961859470245,-4.155229494525566,5.0,1.4835813384254297,30.0
SA,-179.54969989029547,95.01391874437255,3.7113570198288954,11.624685926091672,8.668103146284318,1.8957408216315557,2.267524678261452,11.106699334008653,30.0
WOA,-50.072198247473864,79.49027060548643,0.774651159275934,-1.8300316691656602,32.266508073905065,-2.725701162452951,1.641623603027642,0.9395224793855853,30.0
GA,-44.30504477110121,79.14687955366985,0.7516440642832757,1.5208031349317848,29.26741574213367,-1.5777769346412993,1.7161506819175838,0.5810359794035096,30.0
εDE,-43.608155455339826,79.2827945079446,0.5015051956038903,1.3916112899842012,29.50458455335506,-1.4655430538350518,1.4299191495377244,0.6668847271698632,30.0
EM,-179.54969989029547,7.746817145778672e-304,7.748604185489348e-304,7.746817145778672e-304,7.748604185489348e-304,7.746817145778672e-304,7.748604185489348e-304,3.0e-323,30.0
ECA,-112.30051617110469,80.48761566232817,-28.17727776047947,4.878945818139229,23.777150250080993,9.278737779223881,-0.10351904738589823,9.306728111554532,30.0
DE,-43.97840384040159,80.12888986133862,0.06367938776918436,-0.7881952908663852,31.133299339048015,-2.1499987255776505,1.4588703945022512,0.8052163442020586,30.0
PSO,-107.37885858463844,105.2514936378987,6.268932832465414,-25.26205418796933,0.0,10.0,5.0,9.33262499670932,30.0
SA,-159.78049314849494,81.32039005928624,7.146162758632805,13.802227809256067,7.5506824481171995,-4.765789505701741,-1.5778676271752703,2.185433144576631,30.0
WOA,-54.0696981099303,79.92372555967323,0.45856186007751487,18.503191873274616,11.220622356775777,-1.809713096837995,-0.7287169908565683,1.4167752936972098,30.0
GA,-46.53507102414737,80.09894734231202,0.10078118936989472,26.10878964900033,4.078228141557255,-2.6511129268156868,0.7717641574479084,0.8256484284467175,30.0
εDE,-43.97840383249928,80.12903170647346,0.06355471444826843,-0.7888000899464871,31.133751309013757,-2.150350735951058,1.4593418029570255,0.8052229691003971,30.0
EM,-159.78049314849494,7.746817145778674e-304,7.292909059267073e-304,7.746817145778672e-304,7.748604185489348e-304,1.39067116189079e-309,7.748604185489348e-304,1.33e-322,30.0
ECA,-112.87827088506923,85.55063464355922,-0.27851196701908165,17.939732744779896,31.22212898005782,-7.815980653998951,-1.0831387884217913,9.973067859487017,30.0
DE,-43.394227271516726,80.40028020203262,0.08813883663628364,-1.1688325162535662,31.0739936826486,-2.4678232127433395,2.5102625310521467,0.7425338704616451,30.0
PSO,-50.3486518454826,78.7435277130405,1.7448655205467019,1.7109919477112618,28.194253597950908,0.06886725871089927,-0.3724588223889011,0.7654307506031955,30.0
SA,-199.74919534866055,108.10818835661189,0.9740605788339849,-3.5182018046240273,12.878508686897852,-6.909551805513548,-0.22706983483210852,10.04892738089812,30.0
WOA,-44.50157427350564,80.18841115600905,0.31424608390023745,-0.4780678676744526,30.358870093484445,-2.0341540234282207,1.4378584802117698,0.8793483238548324,30.0
GA,-44.13178311619026,80.27411361929339,0.0820708977044837,-1.0801762699981694,30.959518011893632,-1.8995953869115625,1.8518386276868224,0.8267598859192339,30.0
εDE,-43.39422721774583,80.40023922067685,0.08817434163627169,-1.1688158195688594,31.0740113398771,-2.4678393529673315,2.5104425482228607,0.742541993273147,30.0
EM,-199.74919534866055,1.390671161567e-309,7.748604185489348e-304,7.746817145778672e-304,7.748604185489348e-304,7.74682409913448e-304,7.748604185489348e-304,1.5e-322,30.0
ECA,-124.71627001278048,91.8830471969931,-0.707717267736971,-17.688199673110667,20.72766212158879,-3.1163792780737465,1.421208244153962,8.372578197248686,30.0
DE,-48.08006518160448,80.43593528509102,-0.23133046187480577,-1.7275759283420022,31.593593551804286,-0.8976806153695089,-0.2714026269094576,0.7530414777301471,30.0
PSO,-74.36843162674938,78.26728229983546,1.8374872175332104,-2.1186608740076083,32.35906392845958,-1.1310092730895007,-5.0,1.554173807242786,30.0
SA,-409.7843734863369,86.90731469706355,-7.550341771734182,-21.043959989061648,13.366308935477809,-3.1338556366567216,3.9427956726167874,2.585052736429728,30.0
WOA,-57.93452732034228,79.64786597672918,1.0764945986128054,26.20066138844406,2.924362404938927,-1.0115506885075536,-1.5045826476110866,1.2872543006263675,30.0
GA,-48.64749749464287,79.46051922189186,0.7661305843699433,1.3254433436953605,28.437709644686706,-1.4913930588668525,1.2482200542980593,0.8690921873298384,30.0
εDE,-48.08006518692372,80.43597749808976,-0.23140266486599526,-1.7277431994197698,31.593866287271187,-0.8976069202223873,-0.271536548748891,0.7530435065656964,30.0
EM,-409.7843734863369,7.746817145778672e-304,7.748604185489346e-304,7.746817145778674e-304,7.292909059267073e-304,7.74682409913448e-304,7.748604185489348e-304,11.025808580533917,30.0
ECA,-112.49135712926075,80.84597156958495,0.8122522135176595,22.15360091941512,12.156064115191185,-3.4531718061255194,0.2186069775842716,9.72237612307703,30.0
DE,-51.52937343537807,80.15402201584678,0.40324492343876184,-0.02847986608552766,29.126269154207396,-1.5043156746480895,2.6035223267142764,1.0511312892802556,30.0
PSO,-111.1111401813777,111.09487739638358,-0.7196687262455941,-32.575971004599154,12.456198810489248,10.0,5.0,9.822811467192075,30.0
SA,-367.0088595265392,102.10118008765471,2.3234173925338766,26.920504708452917,15.267303989154362,5.440943242731615,-0.42521013117698647,7.3765089864204905,30.0
WOA,-110.90584833553478,80.11771913578549,10.160454778811104,29.098533703122843,0.0,-9.01761293803581,-4.514065229005895,9.747603880534546,30.0
GA,-51.66487215271256,80.01453109944003,0.4870001430580319,0.1437052810326202,29.049190260096974,-1.7497377106805616,2.7597818811195274,1.04526143557975,30.0
εDE,-51.5293734226414,80.15400101484524,0.4032449770914379,-0.028417075149064885,29.12616300596076,-1.504275677049928,2.603443936016808,1.0511337331642072,30.0
EM,-367.0088595265392,7.746817145779087e-304,1.396124773965303e-309,7.746817172940218e-304,7.748604185489348e-304,7.74682409913448e-304,7.748604185489348e-304,1.0e-323,30.0
ECA,-119.96903207408931,80.09876092380954,9.746285814487976,-19.454926961390342,17.23183950779607,-2.8854512125029608,1.3178228757265664,8.457684067853338,30.0
DE,-45.10493184676098,79.41967134695977,0.7694090888211793,0.9553901884032019,28.43745010067164,-0.673120768862463,1.8728328611795453,0.7603925485195632,30.0
PSO,-69.46336684547732,78.2478770649855,1.9410722063556214,17.4615889833298,11.931416901461231,-1.609437918749954,1.2729657002235104,1.4254577639488746,30.0
SA,-159.19053003231014,79.21594374842324,28.123917677019918,25.15333556451867,1.5456026565743186,-7.704859446559262,-1.8622273912891387,5.746564840322202,30.0
WOA,-59.1947868826381,79.92497146035817,29.552665964833107,-29.265678791034887,0.0,-0.9776803970609903,-4.551509683586047,1.3284443603472897,30.0
GA,-45.90151195923811,79.21295045450766,0.8546053960006395,1.2091857896944196,28.19870411235417,-1.045519671935752,2.3640564874809566,0.8217085779973217,30.0
εDE,-45.104931935255394,79.42017988870363,0.7688372126594478,0.9542858048007514,28.438606209510183,-0.6733651997824448,1.874070470942438,0.7604961009297808,30.0
EM,-159.19053003231014,7.746817145778672e-304,7.748604185489348e-304,7.746817145778672e-304,7.748604185489348e-304,7.746817145778672e-304,7.748604185383248e-304,2.0e-323,30.0
ECA,-186.49705478060486,81.3404111299475,3.007525561168343,-1.9153734283563821,10.049862196410466,-5.931175694740276,3.740955866371001,9.801341607228146,50.0
DE,-90.23986257888771,79.73764471365426,0.11831230317650832,0.13270445790195318,29.6501987977695,-2.4883737858910733,2.8252161778948284,1.164051914855602,50.0
PSO,-183.55256388970315,112.11833278571291,-2.6876196132212025,-34.373331985429886,7.70353954350259,5.995109898050779,-5.0,11.109278743248332,50.0
SA,-476.7304703360186,97.07303278425618,4.968921604649594,-6.10050457009951,17.572395850711253,7.481289209381927,1.7661749444334411,5.240457206430771,50.0
WOA,-98.89757039583618,79.97171627077343,-0.7218388480705479,2.1774145647400602,28.01441208179377,-2.7591653099792164,2.593312510987102,1.5327320646541798,50.0
GA,-90.80617614582881,79.82600336323682,-0.08464318530595871,-0.062157402754652064,30.014842732117078,-2.688609013105387,3.506771247075131,1.2202069588971818,50.0
εDE,-90.23986266464638,79.73769753725385,0.11832960238298673,0.13267160791108257,29.650121488514237,-2.488508969383634,2.8251044746268112,1.1640543421881167,50.0
EM,-476.7304703360186,7.746817145778672e-304,7.748604185489348e-304,1.390671161567e-309,7.748604158327802e-304,7.746817145778672e-304,7.748604185489348e-304,NaN,50.0
ECA,-220.03407158199502,90.1588263298174,-12.120117876090507,8.614407664276847,9.193775723953557,-7.083805826839975,-4.389728315491029,7.8095782514904535,50.0
DE,-79.93355625396971,80.00690176778876,0.13673232117320655,-0.1508421974751002,29.79750326415497,-2.7120316307573957,2.9385256207382273,0.9808004843391231,50.0
PSO,-114.85160265437035,77.97980779722651,2.163850517032654,22.917321289775234,6.729285798785713,-5.7961679185027055,5.0,1.7146374056023737,50.0
SA,-615.9787052679224,107.21492597270527,-23.577862454244887,-24.793401590719157,21.263838755001927,-8.893947771020523,-3.843749173028459,2.9842959094337704,50.0
WOA,-89.38231714644353,79.60808620087651,1.0732871541830602,-0.15816925673993235,29.19560616804622,-1.2163621367764508,-0.3408752678391285,1.0934231763687514,50.0
GA,-80.300100936314,79.99842762528067,0.11650720868734438,-0.02355235903213332,29.58828759035791,-3.4411505983680533,3.556060618310895,0.9454558036988241,50.0
εDE,-79.93355625858618,80.00694308222761,0.13670581563141004,-0.1508759146690548,29.797513979416063,-2.711878167362424,2.938400837975648,0.9808033036469577,50.0
EM,-615.9787052679224,1.390671161567e-309,7.748604185489348e-304,7.746817145778672e-304,7.748604185489346e-304,7.746817145778674e-304,7.292909059267073e-304,NaN,50.0
ECA,-177.38899430410305,81.45940791866212,0.6854541568105361,-12.351705228408665,29.35318313771355,-1.352241900091018,-0.8377966782617952,5.432217142072518,50.0
DE,-81.69607591049882,80.2147202363407,-0.014298054724354081,0.038102400341863074,30.038289654377653,-1.3004616744925324,1.4838447589252042,0.9211554347361619,50.0
PSO,-132.39716068164466,111.62724255973438,0.9366243464423086,-33.64989283743134,0.0,2.197224598683081,-1.3499267831308563,2.202535451123422,50.0
SA,-20033.138659198165,110.72910170007523,-5.1852541994778605,-1.7454118306263489,14.055925314634491,-3.9858943867667707,-1.452173637223897,0.8857511763500935,50.0
WOA,-187.45526165024327,98.48979335960443,-16.38752204480859,-17.971197215101242,26.562939252196465,9.496955071158304,-3.1639724691475175,10.745607561970619,50.0
GA,-82.1159890523677,80.31598193865811,-0.05102974248328092,-0.11771111768720623,30.29887983327361,-1.187516347541194,1.4073438072551376,0.9769246450286404,50.0
εDE,-81.69607590215934,80.21472275408613,-0.01421546478681801,0.037964049989943405,30.038363078940005,-1.3005714384727902,1.4839622281482232,0.921148097060003,50.0
EM,-20033.138659198165,7.746817145778672e-304,7.748604185489348e-304,7.746817145778672e-304,7.748604185489348e-304,7.746817145778672e-304,7.748604185489348e-304,NaN,50.0
ECA,-197.58473882543703,84.92915149011463,1.0461331460666585,-20.591237347560764,6.38710929637465,-7.357942510506574,-3.9879469776008603,11.175530988198135,50.0
DE,-82.36900666574435,80.03992763584522,0.09029552874139668,-0.046708608543037045,30.397244620060714,-0.7887168812939533,1.4812703891139152,0.9184433115776436,50.0
PSO,-141.6647039637221,78.25908655456637,0.45401811444070983,0.31778081314139794,33.253617344293545,0.9073569944233885,-5.0,1.8423340841078764,50.0
SA,-284.7084094479238,96.6850782489063,17.914733187108446,11.955749956138291,31.63989945109059,-2.954697773979415,-0.7575932767631937,9.86696700343535,50.0
WOA,-189.42796941329289,79.99984263861353,13.507901501055626,-33.19179716487201,7.537523647099646,-8.653166399873774,-4.9990476174130505,10.682235008457965,50.0
GA,-82.92595918675735,79.72590204620002,0.47327935072256117,0.9163005571313754,29.508664714111383,-0.6893195288508294,1.1701625654412342,0.9148541074406131,50.0
εDE,-82.36900645862869,80.04019724693751,0.08981714289379905,-0.047519602808109074,30.39846880310431,-0.7883394634262761,1.4812533165358417,0.9184796931039196,50.0
EM,-284.7084094479238,7.746817145779088e-304,5.4536123983e-312,7.746817145778672e-304,7.748604158327802e-304,7.746817145778672e-304,7.748604185489348e-304,NaN,50.0
ECA,-202.6144860501127,84.60137852430485,-13.706759811798516,16.174609443953692,31.545658920045543,-3.873370740257691,3.639735881087784,5.435974862337296,50.0
DE,-70.38372400646381,79.48296928762076,0.7726603890870649,0.45682083687917974,28.74404436268756,-1.2806876863103387,2.791691475114869,0.7597119625049102,50.0
PSO,-125.69381441068583,77.44524345238334,2.7913265074346967,-4.231775869578905,33.472349111642416,-4.393012610553502,5.0,1.7557248156082153,50.0
SA,-Inf,96.50698344694494,16.46249281641662,-4.844004953756201,15.591789468791571,-7.585196438494943,-0.8979304041124889,0.8489935683909228,50.0
WOA,-102.70467274175894,78.91590115312853,2.427455927039231,4.128932527351809,23.6712202217167,-1.8707851797615345,1.8118753655688866,1.668847948853909,50.0
GA,-70.66693486733607,79.57764331506398,0.7513289196735526,0.21729279111518357,28.911231775499264,-1.5354944764721234,2.803337071601586,0.7679799590023497,50.0
εDE,-70.38372392694632,79.48298399872216,0.7726844785822684,0.4568503526378276,28.743910723777624,-1.280786346145856,2.791902876758202,0.7596938003033009,50.0
EM,-Inf,7.74682409913448e-304,7.74859723213354e-304,7.748597204865478e-304,7.748604185383248e-304,7.746817172940218e-304,7.748604185489348e-304,NaN,50.0
ECA,-185.7747123811184,80.05120149944665,0.5882152497335653,15.688889923055655,20.313415029733132,-4.536369518813785,0.37713452996597496,5.063993319665427,50.0
DE,-81.95542758531502,79.99251491703083,0.18434526126369732,-0.052584055925734674,29.817029404557296,-0.6953615745830437,1.1036254664639324,0.8998453853859338,50.0
PSO,-102.56780486474426,78.48040489807518,1.6964415429592468,1.6467060681227803,28.11777889948776,-0.3696751854191454,5.0,0.9685870341978574,50.0
SA,-291.203776952189,103.42108441683429,11.323334852633735,-13.16657479547478,23.892945111248814,-6.629910680707532,-2.6128968274951845,11.090959032054583,50.0
WOA,-188.58372579302426,96.01798879133821,-17.078354374674447,-16.22006793693683,30.52858616013742,8.98007762623947,4.533217353518689,11.045690869865659,50.0
GA,-83.77790983783126,79.55622098370223,0.5042171673405034,0.5585842176642086,29.335822103982082,-0.3404478176204908,1.4184353377535932,0.8896797417859058,50.0
εDE,-81.95542754219848,79.99255653635039,0.18433869242957535,-0.052639371496342235,29.817078288938223,-0.6954255412217378,1.1039010686369721,0.8998645748913754,50.0
EM,-291.203776952189,7.746817145778672e-304,7.74859723213354e-304,7.746817145778672e-304,7.748604185489348e-304,7.746817145778672e-304,7.748604185489348e-304,NaN,50.0
ECA,-200.5280314034312,93.8495117613971,-10.739686699814353,-21.767097084436028,17.959370562719272,3.6356704507368995,4.136572979143274,9.279212704938235,50.0
DE,-81.67366081732288,79.84383616955924,0.16212887833141254,1.0620924365734155,29.19163863613028,-2.72463394129694,2.8139212108991885,0.9765950075754803,50.0
PSO,-130.3242295671491,111.47320792522538,-1.2135053673033187,-34.50984132809273,4.256104014208806,3.4339872904217623,-2.4784757930372527,2.425030108090963,50.0
SA,-3904.6431162149465,109.20797689687463,32.58472248761821,18.679905568772654,13.220493609996112,3.1417093111688565,4.969340518497816,3.7515205978786677,50.0
WOA,-101.87940171868418,80.27032229183297,-0.31275954259334504,15.283901413674963,14.337985607974911,-2.7622298393512565,1.5564352420548242,1.9322296922398876,50.0
GA,-82.89920145438069,79.69304680019701,0.1934514089860392,1.170859452131399,28.885337979834283,-3.4534017808633375,3.508214676714528,0.918796789885704,50.0
εDE,-81.67366090432313,79.84382291823287,0.16205106172554773,1.0621163239583389,29.191728752361705,-2.724671616676241,2.814054017626515,0.976614925606468,50.0
EM,-3904.6431162149465,7.291122019556399e-304,7.292909059267073e-304,7.746817145884772e-304,7.748604185489348e-304,7.746817145778672e-304,7.748604185489348e-304,NaN,50.0
ECA,-190.33040756971792,81.86688928464106,4.118244996915671,0.24632335149875217,7.140937796838161,-3.6339060568530313,3.2491586674021438,5.502204100949521,50.0
DE,-81.52960599914434,80.07314077896125,0.003463836493118322,0.12473267467291826,29.545727006341465,-2.5661384819368123,3.1266316707495347,0.9949240068458864,50.0
PSO,-127.59459947342654,77.98907653065145,1.0394597427532684,32.94570441316131,0.0,-5.580339040709288,5.0,2.1009963949905224,50.0
SA,-1285.979752047013,102.645529675601,-28.695726887082692,-2.692884327389425,2.1042894508911303,1.593663567317158,0.5477143332834435,2.9895497581482955,50.0
WOA,-185.33868213572043,92.92883593023558,-7.713568436988251,-12.585229907779617,16.81064940360436,3.907644306249837,4.699735536551923,9.802268720945925,50.0
GA,-82.21085915965392,80.00199754157313,0.1231791089448151,0.6352585357390906,28.78609348977347,-2.9858542297422295,3.2769846685165938,1.01674818819293,50.0
εDE,-81.52960597823136,80.07312607969078,0.003425773036475732,0.12468014863040722,29.546006281162782,-2.566332105472686,3.126973783280493,0.9949266235502323,50.0
EM,-1285.979752047013,7.748597204865478e-304,7.748604185489348e-304,7.748597204865478e-304,7.748604185489348e-304,7.746817145884772e-304,7.748604185489348e-304,0.0,50.0
ECA,-189.9850924788209,94.5202832505063,1.5505438453880416,-14.32123070096528,11.479125233053532,7.147194609866808,-1.3500715994865908,8.399097453735925,50.0
DE,-79.4112862294611,80.35978746996783,-0.043450761681904204,-0.2428034135541921,29.77599058289757,-2.3056797798741053,2.900736082834281,0.9208121295600531,50.0
PSO,-87.94809887229277,80.27309597262455,0.043201096686405455,23.66863337124787,5.864626954740174,-3.1354939687168146,2.4995052156626345,0.9244722189944875,50.0
SA,-420.3234180764687,104.97998290541494,12.859800965677117,3.6524883514186897,3.7962882018784208,-9.264402545918259,3.1232494574455885,8.308127300319152,50.0
WOA,-94.95778554928683,80.54922336861895,-0.8947619444275691,0.8886496792716466,29.091581674192575,-2.6499676035700466,2.6579881630545223,1.6428316265873497,50.0
GA,-80.11029480425853,80.07657710870264,0.23383900685767206,0.12421981938254181,29.55388989930297,-1.9485029947990924,2.6210639418689845,0.9269696075772844,50.0
εDE,-79.41128630846302,80.35993115359425,-0.04359928455259032,-0.24285791778315868,29.776150950045114,-2.3055568293310875,2.9004154039002255,0.9207845928653824,50.0
EM,-420.3234180764687,7.746817145778672e-304,7.748604158327802e-304,7.746817145778672e-304,7.748604185489348e-304,7.746817145778672e-304,7.748604185489348e-304,NaN,50.0
ECA,-196.6078130716296,77.88550831543718,15.939600527739522,-28.411731977670776,29.884710782384715,-8.015999943865879,-1.9137328214311222,7.599553027067836,50.0
DE,-80.8883478926416,79.8696669001094,0.1740117021066867,-0.16678332683184927,30.6322020679137,-2.564660058960703,3.548419574873961,0.9972846269034406,50.0
PSO,-94.31209075567344,77.62957627566824,2.4141191693088047,2.4931989069641,27.97221855474023,-0.09528730675835508,1.381840982475424,0.9645415336449913,50.0
SA,-198.4047934266131,80.50429709612065,-5.697136590529286,18.04566972644458,26.41355055177853,0.6511343826764033,-0.3355939605207521,5.952267883509767,50.0
WOA,-122.11766346585961,80.94251559198878,-2.0539374669732835,11.128734043232928,19.46069570198043,-2.0800053606672066,2.106412023783121,2.785013700690467,50.0
GA,-81.59294252852317,79.95092924127022,0.11599207298649336,-0.5926093722254094,30.98163812886691,-3.5513468979655367,4.579344486477544,1.040719407976232,50.0
εDE,-80.88834781724522,79.86971639812248,0.17399544929625144,-0.16702134947474967,30.632435304590036,-2.564887244921114,3.548414107817433,0.997291788288178,50.0
EM,-198.4047934266131,7.746817145779087e-304,1.39612469107484e-309,7.746817145778672e-304,7.746824126402542e-304,7.746817145778672e-304,7.748604185489348e-304,NaN,50.0
ECA,-381.83888383770716,80.25904761160379,2.0045769702063154,6.200376395711565,2.84667171702348,2.176997216140231,0.4586740613909024,10.704076100316023,100.0
DE,-170.76623269686215,79.67342392253337,0.5953543041659888,0.7592882005772537,29.471885691928446,-1.4120138995314298,1.6054100339744957,0.9707177362748349,100.0
PSO,-375.07230006952244,112.269256209155,-1.6952976444042078,-34.71375407122217,14.482786695167215,10.0,-5.0,10.217345127920185,100.0
SA,-873.9211411237966,104.78721088156578,18.20293764867842,-10.366116256315443,34.52440570694673,-7.959074066639356,4.3564544957943045,9.099100753808273,100.0
WOA,-237.01256184242726,78.93414746559849,2.859837568502778,5.8620397117384,22.041173772602523,-2.0802709963713233,1.1730157249614965,2.1979416723005056,100.0
GA,-171.8296962630702,79.87307655943181,0.37842680781224847,0.7186241611756965,29.37244611639441,-1.630348833209278,1.5619402614370017,0.9736122668856391,100.0
εDE,-170.7662318894247,79.67323282120881,0.5953884860311902,0.7594085696927686,29.47189737729611,-1.4119615476405274,1.6051123802189535,0.9707745885632195,100.0
EM,-873.9211411237966,2.316309438e-314,0.0,2.316309438e-314,0.0,2.316309438e-314,0.0,NaN,100.0
ECA,-435.5862999376767,99.81160485096895,-7.591107011012461,-17.906072438237576,16.38500880108328,9.524422913810394,-0.9642490769691054,5.5360761252446,100.0
DE,-185.84562851931503,80.31665263289645,-0.4898026119065797,-0.8002115527078195,31.037208853743568,-1.2767653148565072,1.4136723485570006,1.1266388333187742,100.0
PSO,-374.07382095854723,80.26346135277778,-0.21228279796862767,-0.1907076013920123,10.247380904698286,10.0,5.0,10.193958186999138,100.0
SA,-665.317741622041,91.44042934995683,-7.984905307244958,-15.120852750903047,34.81358376875427,-5.337003714061184,-2.396750509535811,3.1938432471825244,100.0
WOA,-262.66072981534444,80.99192473190416,-1.8581434057387374,6.641373672119205,22.578622852534693,-2.3050500632447117,2.225325570322373,3.1448914106908203,100.0
GA,-187.6813318676325,80.0965380446504,-0.4184066510487814,-0.6547585532152711,31.286250919731433,-1.1787956954903487,1.6932396664035878,1.152005967746646,100.0
εDE,-185.8456285421811,80.31660086664145,-0.48968963397188325,-0.8002703122028532,31.03724723032044,-1.2770114908580128,1.4139472600883523,1.126652069517334,100.0
EM,-665.317741622041,7.746817145779087e-304,1.396124773965303e-309,1.39067124445746e-309,7.748604185489348e-304,7.291128972912205e-304,7.748604158327802e-304,NaN,100.0
ECA,-423.66521701099816,92.87696591682167,11.010611777084641,-26.999981999165747,1.685566269677259,2.333083091082438,-2.4242522408177525,7.791411236626028,100.0
DE,-148.95744590719846,80.31591487011431,-0.31851393086235547,-0.33938665190622896,30.18519740700946,-0.7579335895806123,0.9967983938603686,0.7666655762112558,100.0
PSO,-376.61596382960255,78.25388406059281,13.68143491724968,33.07539296467063,0.0,-10.0,-5.0,10.456236333198502,100.0
SA,-13861.634066990906,109.11957026700809,17.880222164303255,-6.777484115945903,7.471170762918819,-8.561465694329073,2.9555732806899186,1.9046343189714545,100.0
WOA,-377.3364059208574,96.53980611058563,4.558365619964738,-17.68678362551822,9.234308402842133,2.8435815028700953,2.9917539547010965,10.492633398274158,100.0
GA,-150.67606457605086,80.25504943190043,-0.36982215719372935,-0.40247968104645426,30.382709444486032,-1.088129875632127,0.6795753566937645,0.7808099450758956,100.0
εDE,-148.95744556323547,80.31608980251565,-0.3186205064973464,-0.3395947129344685,30.185388220297572,-0.7580926302199433,0.9973443024851751,0.7665944228629973,100.0
EM,-13861.634066990906,0.6913959035775532,3.5e-323,3.5e-323,-1.8707391282951127,2.319965848e-314,0.27418764877869783,NaN,100.0
ECA,-412.17818393149616,83.9629001847151,-1.9568083970088281,-12.578630037351083,21.860216075853145,-5.68968352519351,-2.315511964601995,8.860140636522262,100.0
DE,-176.04613069858098,80.07825641046814,0.2634496719909265,-0.1941040382735597,30.062682552301954,-1.1533948910847642,1.4530970684013305,1.0371447014185855,100.0
PSO,-195.12748736524645,78.07129001824444,2.2704457786752728,2.1809452189649434,27.68763104652292,0.059483371133176734,0.7115266559192991,1.0575805059786043,100.0
SA,-867.6769745464037,90.4443099419208,-11.605129182952314,12.803525607538106,24.055824086322705,7.971972561103918,3.046742759181626,6.648981497170244,100.0
WOA,-193.0562341195984,79.34628944230609,1.396199650438165,2.4483570689361316,26.89248712658427,-1.9542926169335744,2.105816978870693,1.249149574370392,100.0
GA,-176.72800232478522,79.8739300020291,0.4475153523627772,0.3431092700295464,29.44735892269992,-1.1405310986110073,1.3427620850528026,1.0805983207574472,100.0
εDE,-176.04613064444908,80.07834478950669,0.26336576952995294,-0.19437736123826888,30.06299453379898,-1.1535780866634373,1.4531894180021987,1.0371375841444912,100.0
EM,-867.6769745464037,7.746817145778672e-304,7.748604185489348e-304,7.746817145778672e-304,7.74859723213354e-304,7.746817145778672e-304,7.748604185488933e-304,NaN,100.0
ECA,-382.76316849603876,110.92987305421738,5.337533986091707,-31.029868815096265,2.103980253061139,9.489056475454088,2.8237382063790264,11.39810320881523,100.0
DE,-168.19968832997063,79.979550594681,0.005958615703505199,-0.1267840116192449,30.54026868730764,-0.9841688538649098,1.5946137036044064,0.9593864235523277,100.0
PSO,-241.8809681793447,77.98001949541487,1.9830088171943094,-3.89116303798004,34.36089216449996,-1.785974030299423,0.9379944223537094,1.6874829812694516,100.0
SA,-551.8505819424096,93.50760976599554,21.53817081810358,30.003532183680733,5.145182031907354,-2.327126766464753,2.510348516334969,11.303487639511271,100.0
WOA,-223.25693479319077,80.06090907782136,-0.39941614930893715,3.6152278856861635,26.456221477323847,-1.6092968572996607,1.3679528254203603,2.1088469270449464,100.0
GA,-168.97488356773312,80.00267965317636,-0.1399257647851,-0.06714971488137747,30.54640206337167,-1.3245194286964548,2.080707925505228,0.9501377873055366,100.0
εDE,-168.19968839565183,79.97943478460128,0.006069431827143035,-0.1265314698190383,30.540004487954658,-0.9840250329993698,1.594609764552184,0.959400435789324,100.0
EM,-551.8505819424096,7.74682409913448e-304,7.748604185489348e-304,7.746817145778672e-304,7.748604185489348e-304,7.291122019556398e-304,7.748604185489348e-304,0.0,100.0
ECA,-388.34268896448265,83.27132181826447,-25.126182712377897,2.7793925630228387,34.227969831131226,5.59636252878278,2.455008770860255,10.15809901733179,100.0
DE,-166.3438128751493,80.3430420357059,-0.41786857763163887,-1.2370424463112002,31.21729990315469,-1.1514960020564566,2.0012598694949064,0.8852727533158411,100.0
PSO,-187.500259880336,79.90595906657565,-0.0500719970261154,-4.712722372825061,34.85038960462255,-1.9849598153372905,1.495632912957298,0.9725048283953539,100.0
SA,-2703.349105583356,109.21436350778507,-9.817923158646355,-29.15854618546027,7.370883268417657,4.506039220262723,3.9097285419903756,0.734476835875707,100.0
WOA,-315.6303210303041,103.9254887628976,3.499070418699484,-24.898690952314965,0.5549161046519034,3.0620594145006654,-4.324462599225655,3.970991499381304,100.0
GA,-173.4242517755083,79.95105710636167,-0.04257578681118365,0.2432219238689633,29.680760092516305,-1.4745324078359787,1.5407621698379954,0.9657891239638643,100.0
εDE,-166.34381255733894,80.34314064486779,-0.4180335006943494,-1.2369826831761603,31.217304119246116,-1.1512175401861455,2.0010796951186665,0.8852584300891619,100.0
EM,-2703.349105583356,7.746817145778672e-304,7.748604185489348e-304,7.74682409913448e-304,7.746824126402542e-304,7.746817145779087e-304,1.396124773965303e-309,NaN,100.0
ECA,-387.66186408616875,81.83240471396789,5.806943957471596,23.091868680737512,25.237203487068747,-6.135464917768479,-2.788550046168543,12.003883985913928,100.0
DE,-167.43016081646192,80.20776053954245,-0.2559779356862695,-0.4902486552890104,30.741305591152678,-1.2233651948012318,2.83425347713155,0.9962368008103768,100.0
PSO,-378.88824644215185,93.111582001484,13.845860622305203,-13.17674530334749,0.0,10.0,-5.0,10.676322573451847,100.0
SA,-723.8046040798495,81.56013288700854,3.1079839426558777,23.551700642861825,28.009227446472885,-9.080220299407536,-2.768746453598002,4.005915517191471,100.0
WOA,-379.8676445374563,97.95375633020772,-17.87696898739568,-17.91668490334706,31.891270757871116,7.4421992721004315,-3.748688063216601,10.30561829934138,100.0
GA,-169.52998873150253,80.22144282751698,-0.1594178036490267,-0.4441811922619,30.880167027453165,-1.439819021167787,2.6578245159875795,1.0871483131566797,100.0
εDE,-167.43016060442653,80.20774183637322,-0.25605557406036183,-0.490106054042978,30.741166806183198,-1.2233253534131108,2.834538489383472,0.9962315025367097,100.0
EM,-723.8046040798495,7.74682409913448e-304,7.748604185489348e-304,7.746817145778672e-304,7.748604185489348e-304,7.746817145778672e-304,7.748604185489348e-304,NaN,100.0
ECA,-387.3497334635101,79.35202078973708,3.521817588734592,33.21199408235479,27.592684173859922,-3.632492103553502,-0.9478081615353968,11.351039505810775,100.0
DE,-167.36714839717578,79.79966550897764,-0.10789653844430713,0.2366787637588974,30.185747374137524,-1.6915814409715866,2.3906565467340375,0.9991716616952184,100.0
PSO,-268.98240936045,76.92974390708898,2.76200310317346,21.443958217527356,8.978589675840396,-2.3223875509703453,1.3415582101033412,2.326982642896787,100.0
SA,-444.94426491254114,84.84684352271351,-18.260865901554197,4.864877302560018,2.699167532830985,1.5175585938584408,4.587530403546845,11.335668236882265,100.0
WOA,-188.25506838324742,79.55450123364551,0.6478051431647389,0.19426800171727812,29.581538146480305,-0.8566829378784285,-0.2998715730265483,1.3739719804401511,100.0
GA,-168.9297216479469,79.594714707978,0.21534099130541146,0.6638712774907056,29.355333980675084,-1.950052320344332,2.505289412983751,0.9874022891545493,100.0
εDE,-167.36714824864185,79.79966110120473,-0.10793183338861212,0.23652507816250345,30.186100057144724,-1.6913571020590439,2.3902066824116366,0.9991794552697555,100.0
EM,-444.94426491254114,7.746817145778672e-304,7.748604185489346e-304,7.746817145778672e-304,7.748604185489348e-304,7.746817145778672e-304,7.7486041583278e-304,NaN,100.0
ECA,-414.72071074907103,91.0736942763032,1.4326900280668653,-12.609341920884951,7.201516738326163,-4.554771806494111,4.73009361895873,8.835000489406239,100.0
DE,-167.70911677702958,79.62518446205785,0.2251585988441036,0.6702916056723454,29.350418326388667,-0.9988384742542684,1.7837011798274174,0.9375224434809186,100.0
PSO,-188.50802102360285,109.94685793873667,-0.0758251525160447,-30.020585101076687,0.0,1.8325813703577911,-1.1394341947842264,0.9666832507691834,100.0
SA,-777.792485227985,78.83287393165008,19.72325122945292,32.650171896635726,23.578131585548437,-3.1452974830689495,-1.4695201945461358,3.371766730740686,100.0
WOA,-377.8058621640768,79.96407790250237,13.058269133115335,-12.063656124084881,12.256873343220843,-9.555304398422487,-0.9972318961851665,10.591875228390276,100.0
GA,-170.0929916384892,79.51167261675347,0.37287798244654646,0.8295561505671016,29.32208761720914,-1.2019804801962954,1.7636122350650782,1.0717581856207625,100.0
εDE,-167.70911674757667,79.62532296061514,0.22517714463558924,0.6703106534006862,29.350404293162782,-0.9990450168783132,1.7836391016868722,0.9375287698874166,100.0
EM,-777.792485227985,7.746817145778672e-304,7.748604185383248e-304,7.746817145778672e-304,7.746824126402128e-304,7.74682409913448e-304,7.748604185489348e-304,NaN,100.0
ECA,-403.6144653336579,89.25244039830764,-9.552931523874065,-12.003383025168489,28.672771548124235,3.4074493353470903,-3.8471928793238828,7.8375311184097995,100.0
DE,-165.7019502499369,80.05539221048102,-0.24094341362897964,0.10872472648246312,29.99865725024575,-1.0124276565943373,2.4013036957346845,0.9641686393334346,100.0
PSO,-379.56540729442713,77.92643280688043,16.23616123750536,2.2395764184249582,13.741106859811815,-10.0,5.0,10.751587231207631,100.0
SA,-12316.828497442571,95.31348262146841,-13.297200176497942,33.441671499680126,16.239548373492394,2.7333865479916817,3.041345523912579,0.9843156642514265,100.0
WOA,-378.7881252296459,99.25632521734968,8.135251448497419,-18.844121380239937,5.393505430414239,8.683259215844151,-0.3674688922327617,10.810548880844376,100.0
GA,-169.40898221068935,79.63275824630713,0.2918913998900968,0.7012692938711067,29.025076774073078,-0.7652155214752991,1.5487700382679406,1.0392115452378374,100.0
εDE,-165.70195023084804,80.05541771824686,-0.24101229546576164,0.10862731500103529,29.99882753939537,-1.012450583830596,2.4010860149824893,0.9641610621296117,100.0
EM,-12316.828497442571,7.746817145778672e-304,7.748604185489348e-304,7.746817145778674e-304,7.292909059267073e-304,7.746817145778672e-304,7.74682412640254e-304,NaN,100.0
ECA,-1203.6547344463918,102.79439659356832,2.522651653158597,-30.158753802905654,15.251240151748704,1.1415925589253355,0.9053780483266136,7.504118782859462,300.0
DE,-509.11117892235404,79.61050684277863,0.4960372546779581,0.8134372552514124,29.17669131637229,-1.0828439281156044,1.457841913405506,0.9362887465558511,300.0
PSO,-1128.8031161812619,96.1665704988152,12.069546606777562,-16.256504974880905,0.0,10.0,-5.0,10.381963052590498,300.0
SA,-2031.0603488123586,96.77830729295749,-34.33192979246411,5.8246394439997005,30.84876432723599,-7.680188160869125,-2.909860192203534,8.485737830922671,300.0
WOA,-1129.5120977386525,79.8773226557542,12.356343150961894,-19.90004282705287,4.6036760920670865,-5.12360440632445,-3.1798159576870804,10.398187766056756,300.0
GA,-514.7291942259978,79.81501455232014,0.32023864105083877,0.19738221444457957,29.90787021634037,-0.9769537549304428,0.8431522060085967,0.9193134040833341,300.0
εDE,-509.1111850760258,79.61092100425084,0.49570238850756443,0.8130590846876062,29.177066612269673,-1.0829929285715365,1.457647500604133,0.9363275808317928,300.0
EM,-2031.0603488123586,7.746817145778672e-304,7.746824126402542e-304,7.746817145778672e-304,7.748604185489348e-304,7.746817145778672e-304,7.748604185489348e-304,NaN,300.0
ECA,-1145.8695859426766,79.99063298890412,-7.834324918224127,-1.4521937937262308,11.578844549972503,9.139725433316869,4.724811094580595,9.60936610623514,300.0
DE,-502.3127008127679,80.01325539374912,0.025254942366362165,0.023999454511745455,29.781054418960746,-1.8292156010306049,2.116540310176545,1.0020174858414261,300.0
PSO,-1115.7673738708434,77.13797398967725,11.842026373241085,-35.152609882644796,35.152609882644796,-10.0,-5.0,10.71127165097563,300.0
SA,-1208.0268310761064,82.9492066054182,16.84490800785771,-20.176392482672725,27.493123386155947,-9.229363134708269,-2.243660710708043,9.683876343467523,300.0
WOA,-1107.5897580221417,80.04998876235604,8.864440607486639,12.12774136926666,17.78181547928691,-7.446149514505408,-0.17287997061407834,9.704898406348294,300.0
GA,-504.78803350247176,79.90841876802824,0.06322455870022385,0.018869775182110422,29.8852238193379,-2.221177891537281,2.636238294777327,1.0473940731762281,300.0
εDE,-502.3127006730123,80.01297676702711,0.02548649787341084,0.024588216583573796,29.780416195146827,-1.8292042585573416,2.1171104570078576,1.0020024026722127,300.0
EM,-1208.0268310761064,7.746817145778672e-304,7.748604158327802e-304,1.390671161567e-309,7.748604185489348e-304,7.746817145778672e-304,7.748604185489348e-304,NaN,300.0
ECA,-1160.1943584195046,78.22060964171384,12.789511921368252,-23.95277639197255,26.076256205512873,-6.985203192169682,4.036619219672108,7.304146818029888,300.0
DE,-502.6247303184722,79.75831897790226,0.3350311923670297,0.19432523140820823,29.64084982459957,-1.6105520640720847,2.139072056809082,0.9918946110386837,300.0
PSO,-581.625294187483,77.11581248959006,2.9775592872079026,2.855931620603375,26.97919423590621,-0.002690969227236886,1.3613892295207635,0.9931127034885568,300.0
SA,-1850.4826477602273,105.94408273247355,31.688800882437278,-22.315945106022347,7.300049494526529,6.554684227004152,-2.4217199279759116,10.50312060498397,300.0
WOA,-1116.3413741875256,79.78247281303051,10.319851041669361,-34.953280580369466,15.032191388087394,-7.9239753472359356,-3.1506350756469415,9.953155029778845,300.0
GA,-506.9485155541454,79.53310780190819,0.4992750942429865,0.6690197601292533,29.530063683011203,-1.2677944321489871,1.713551401621722,0.9641512773481838,300.0
εDE,-502.6247302295352,79.75834909410551,0.3350112486759276,0.1943193153217817,29.64084453276458,-1.6104804870497125,2.138850196890329,0.9918930192670179,300.0
EM,-1850.4826477602273,1.39069238152491e-309,7.748604185489348e-304,7.746817145778672e-304,7.748604185489348e-304,7.746817145778672e-304,7.748604185489348e-304,NaN,300.0
ECA,-1183.5017268808601,79.68516584137042,-3.027154769411574,-16.581189868248124,34.52765665649013,-0.4136466817400919,-2.3836430454978528,6.53125938466597,300.0
DE,-509.56926172139805,80.32277035215188,-0.21448563956335231,-0.8331839363722349,30.745580064337886,-1.2709536956661927,1.3884071611993503,0.9448910356476019,300.0
PSO,-1119.8683654679735,80.01394862366207,10.46423479224467,-34.89317930061925,24.89847373475302,-10.0,-5.0,10.114199748200445,300.0
SA,-24991.10711341826,111.83420076606055,14.959921488299884,-1.950047840464272,28.283588049460885,-9.79652505531763,4.476207913452013,2.7801379719389776,300.0
WOA,-616.0498034952733,109.87711439626278,0.28179667934736063,-30.07596904839458,0.2828128528287689,3.2682051356723507,-2.944183906024291,1.456221517248282,300.0
GA,-515.5226117067846,80.09935552442143,-0.11339666075564708,-0.4014738067953406,30.523342599743327,-1.1764973240716745,1.0941466221631628,1.0993411114029366,300.0
εDE,-509.5692607732757,80.3228562465531,-0.2145853350987874,-0.8331319842723044,30.745447808025293,-1.270952201099468,1.388741761702327,0.9448894096724809,300.0
EM,-24991.10711341826,1.0e-323,1.0e-323,29.894405846540486,1.1431225302921852,1.0e-323,2.319965848e-314,NaN,300.0
ECA,-1278.6227566769417,104.3530697946811,-0.9950960236862656,-30.1294346280403,7.696547146618804,1.5366431679234545,4.964865500696302,6.490411363665343,300.0
DE,-491.75853793882214,80.05745583161786,0.14415808765456184,-0.023713606632453477,29.920561122591646,-1.400516895350906,2.1891585071554744,0.9466705097457242,300.0
PSO,-595.6130586274483,77.94591640429489,2.255750162511462,2.3128806465583165,27.583792354430717,-0.5508756586423533,5.0,0.9456824354065076,300.0
SA,-1221.9881925501231,89.98762489061744,7.741448603315149,8.076300693497252,20.92028147956241,-9.498364441849107,-2.586982529457369,10.158169647648817,300.0
WOA,-1130.4775751188006,92.09527204331364,-11.02048723966407,-12.514662932136325,24.331277187027887,7.985083781456068,-3.600175281400633,10.007283729592135,300.0
GA,-495.78820197750804,79.96703220716388,0.3571287066149275,0.3568493494284666,29.582279946790592,-1.3556806821274223,2.293432948169417,1.010831935281839,300.0
εDE,-491.7585368517831,80.05757851600335,0.14408747340222217,-0.024043543655485777,29.9207789673066,-1.4006911391928356,2.189330316477588,0.9466920630422018,300.0
EM,-1278.6227566769417,7.746817145779087e-304,1.396124773965303e-309,7.74682409913448e-304,7.748604185489348e-304,7.746817145779087e-304,1.396124773965303e-309,NaN,300.0
ECA,-1111.871875616763,83.2244455931888,5.878172091084124,-11.26983618767564,34.74378138034929,-0.041742522594983456,0.1290289415748882,5.183182409222436,300.0
DE,-509.6189157675685,79.95512297888037,0.11307486224957763,0.055508348916587735,30.105886264158137,-1.1856163462406348,1.547050842532349,0.9828862696847696,300.0
PSO,-1130.6653968397734,77.42507133289489,3.5118086206163577,2.5514325184871955,7.639297192316247,10.0,5.0,11.753239017196877,300.0
SA,-2366.031256372878,100.5027922915867,-21.74390381095019,-0.19789158720333688,34.50010748897977,9.207810671161166,-1.2944142603749964,6.811436970392543,300.0
WOA,-569.6021542467887,79.47160181613418,0.9295770815030708,0.8484840109446646,28.783054899870972,-0.0705441331162685,-0.5653278978009924,1.4288877350751994,300.0
GA,-512.0970638599149,79.89250027480028,0.2642719882709679,0.46689369829924776,29.61920954400698,-0.90945194519975,1.2174842125418641,0.9787871947125979,300.0
εDE,-509.6189144632757,79.95509497057945,0.1129763963743109,0.05545138959099205,30.10583347434309,-1.1856848479951179,1.5469790807481227,0.9828996836244797,300.0
EM,-2366.031256372878,7.746817145778672e-304,7.748604185489348e-304,7.746817173046318e-304,7.748604185489348e-304,7.748597204865478e-304,7.748604185489348e-304,NaN,300.0
ECA,-1110.0597641486404,84.17575313251582,0.29082332132728084,-12.827549966587561,24.01037579594153,-1.1414768942212739,3.320248629663915,8.565374641790708,300.0
DE,-496.7742731179583,79.82585017771342,0.03617587122205901,0.7161032080857748,29.253175530592273,-1.6796712864968137,1.7075225978789472,0.9551204855726336,300.0
PSO,-532.642481323687,80.03554859096884,-0.17362304449892796,20.57144734714094,9.397829435463368,-2.468099592261304,1.3194769030708973,0.982529029431814,300.0
SA,-1272.5185945680842,99.55306610423827,-25.63999750917033,-22.114453034115115,25.807477072115134,-0.2953289986556147,3.5541816813409337,9.807806674840906,300.0
WOA,-544.6336746384275,79.68835015255516,0.7885863763071829,-0.6685450539731936,30.01097242706648,-3.1547809982905473,2.8134229669655464,1.0936390828407279,300.0
GA,-499.9438991538607,79.98648194194023,-0.07615380055733136,0.5703044033216913,29.05396499114023,-1.8015524175469144,1.7963140027554978,0.9601861875550668,300.0
εDE,-496.7742748744907,79.82592593532632,0.03598286097089165,0.7153774069145875,29.253730421233424,-1.6798779906973458,1.70845451005548,0.9551527821291901,300.0
EM,-1272.5185945680842,7.746817145778672e-304,7.748604185489348e-304,7.291122019556398e-304,7.748604185489348e-304,7.746817145778672e-304,7.748604158327802e-304,NaN,300.0
ECA,-1155.3280543899664,80.32073894487489,-3.54673898729925,-5.762965711737518,22.237190792828063,4.339711863024059,2.54785399841563,12.107006693013748,300.0
DE,-537.7618825690408,79.7421549308337,0.04031241722666312,0.43144197642141435,29.953715503868377,-0.9699418747401589,1.4405673333689983,1.0537993993812647,300.0
PSO,-869.0969939914942,77.24645905032337,0.45362033549319425,-0.3326295909931664,35.52340559996952,-3.1609473651915603,5.0,2.8149117689470193,300.0
SA,-2643.7716380693064,98.80599481586096,15.594893904350684,27.601036745181574,22.240854776601513,4.532650194896231,-3.2751858350086724,10.523408129424602,300.0
WOA,-1137.9773423788993,93.14383902048438,-17.585788938261764,-13.420302351482025,31.573017294917683,2.773493760476445,1.7858799626114317,10.863196566209893,300.0
GA,-543.2902988995954,79.36613972909754,0.6145898495733859,0.8429180630768761,29.204036633851885,-0.5790229490051158,1.2095654181321156,1.0203187954391986,300.0
εDE,-537.7618846805461,79.7417703839275,0.04090662584066429,0.4321768964788033,29.952661815889538,-0.969589218723617,1.4402264504887758,1.0537829631435467,300.0
EM,-2643.7716380693064,7.74682409913448e-304,7.748604185489348e-304,7.746817145778672e-304,7.748604185383248e-304,7.746817145778672e-304,7.748604185383248e-304,NaN,300.0
ECA,-1213.166193389361,109.33886668757712,-25.147456726835387,-30.090541144275335,30.96954118055828,3.7743015828689366,-0.4547936853676724,7.581615480594072,300.0
DE,-525.4357915423218,80.02508770475117,-0.15721509834942005,0.003610285108021749,30.210744152098457,-1.1266614003359252,1.414353331251727,1.031140657607365,300.0
PSO,-632.4586653120176,80.02648694931351,-0.15858826130427778,14.434728407809875,15.779521408157816,-5.170850752926815,5.0,1.0311703532848047,300.0
SA,-1636.4689922211594,89.06975234508477,-3.3660983391309216,6.071104132706353,31.520808100584656,-7.482630055351516,4.853864159483715,4.408912181274054,300.0
WOA,-698.7148783029131,80.47445915045765,-1.0042484775767038,17.91832283011018,12.173537837123087,-0.6797189801921127,-1.0418656769253205,2.0289439961276496,300.0
GA,-534.1272340283658,79.62216847276383,0.24725407659326182,1.108077927412647,28.985648896529487,-1.6642573556842857,2.084020209181461,0.9623895527089931,300.0
εDE,-525.4357927813994,80.02479114490552,-0.15696571471189102,0.004197982388312482,30.210378037856433,-1.1269325427045782,1.4145511646793028,1.0311803904532841,300.0
EM,-1636.4689922211594,7.746817145778672e-304,7.748604185489348e-304,7.746817145778672e-304,7.748604185489348e-304,7.746817145778672e-304,7.748604158327802e-304,NaN,300.0
ECA,-1145.459911918147,80.20522385970547,15.526957148724634,-6.525211489733628,29.124658684427924,-4.505983054604532,0.8609555532026301,10.062979455355142,300.0
DE,-491.74771710432674,79.98042762050363,-0.0646435819855764,0.2545360018055467,29.8270830673641,-1.9003523584891373,2.25082363242355,0.9680429259603232,300.0
PSO,-1106.3767006520993,112.45689202975356,-2.707864089130335,-34.73861860747175,9.35101331425054,6.265322340761056,-5.0,10.868251652045151,300.0
SA,-6457.105206594031,88.35005498093693,29.226387039249737,32.517417353265586,33.69929885757136,8.224758406717218,-1.0538671403188973,4.880930381152936,300.0
WOA,-583.0395192575852,79.6288093563136,0.9455728125934537,-3.7524905027976208,33.15501092666323,-2.132874198139678,0.019008029553963815,1.1259813363286892,300.0
GA,-496.8194567534087,80.0267336733222,-0.12246554064782562,0.2577373781415954,30.12488358802832,-2.4220530651526437,2.288554699081609,0.9863663077343359,300.0
εDE,-491.74771638630114,79.98046637257569,-0.06461042402781247,0.2545768772274961,29.82693150367377,-1.9003227082547736,2.250652601201682,0.9680317348826721,300.0
EM,-6457.105206594031,7.746817145778672e-304,7.748604185489348e-304,7.746817145779087e-304,1.39612469107484e-309,7.746817145778672e-304,7.748604185488933e-304,NaN,300.0
ECA,-3359.2221128293295,87.90627563647874,-23.194677103860666,3.344077991307863,16.33890377226604,7.3863912771821525,2.3147019508221502,9.658237949794524,800.0
DE,-1361.353128585265,79.88917810396282,0.217933597270358,0.19855398351792442,29.63706083363996,-1.26960831736399,1.6794875145499277,0.9901108994384376,800.0
PSO,-2463.6508710716093,112.9848913085104,-3.042262944958475,-36.778752467921365,6.9432674478888785,5.18779710215112,-5.0,2.8363582923685975,800.0
SA,-6381.869439448399,97.60975859207585,-7.928962590547485,21.669632198314645,27.981263789960604,-6.23164318981048,-1.1943504168281507,4.876744910951006,800.0
WOA,-2361.5415825344007,81.06460739001407,25.672278774687058,-31.155354860059525,4.7271409475915345,-0.8886164202152977,-0.974541386078469,3.5808546254525657,800.0
GA,-1377.488284198604,79.67194987624205,0.5212067103458108,0.37953073553342986,29.30615962596438,-0.7321895098703672,1.6689397908976176,0.9648081804807199,800.0
εDE,-1361.3531376305345,79.88933149045731,0.21791122500781945,0.19802865959589333,29.6372141533495,-1.2698441362375739,1.6793019318498859,0.9900630147262861,800.0
EM,-6381.869439448399,7.746817145778672e-304,7.748604185489348e-304,7.746817145778672e-304,7.748604185489348e-304,7.746817145778672e-304,7.746824126402542e-304,NaN,800.0
ECA,-3128.3792150897016,99.04842235503727,2.1227478332181207,-20.907018813114846,0.34909299889541334,6.6621315748580905,-3.834276760202371,11.29575687961574,800.0
DE,-1350.8971252988122,79.94954546393156,0.03252500425171334,0.12514634395237945,29.951085992408544,-1.3657626450582852,1.918464667454855,0.9854882909806175,800.0
PSO,-1491.1538307868536,80.0069500697407,-0.029462187550843445,-6.209536819864651,36.297824856884034,-2.098894534023124,1.2099159435097433,0.9860822966680048,800.0
SA,-7232.1554425181375,78.5636817911274,-1.4115086654163136,19.452967732975473,29.280984242620043,2.017201732571719,0.14066781976939868,2.165823945241565,800.0
WOA,-1550.385737275819,80.14086243587319,0.008041337970589457,-1.8433736712824549,31.812432203619693,-1.7393327126296838,0.9499179435096488,1.5594492362346244,800.0
GA,-1376.0037796312781,79.4600165692352,0.4364643178376443,0.867969477589562,29.170301971796007,-1.7854302357608898,2.3605595832472592,1.0280668589557262,800.0
εDE,-1350.897120933173,79.94966592248346,0.03245975175748406,0.1250240176527866,29.951215255020166,-1.366256631452722,1.918601108225019,0.9854151992867743,800.0
EM,-7232.1554425181375,7.746817145778674e-304,7.292909059267073e-304,7.746817145778672e-304,7.748604185489348e-304,7.748597232027024e-304,7.74859723213354e-304,NaN,800.0
ECA,-3193.185867928717,78.87567492902181,-1.8256541836674103,7.707993748977934,3.3555587654250574,6.467106369823785,-1.7416440431816191,8.259342370715816,800.0
DE,-1369.193003557777,80.09642363726266,-0.06312804399688599,-0.3502493044181936,30.27898082285863,-1.248182239663386,1.479666697849854,0.9870636744716728,800.0
PSO,-2315.530539865509,76.86471657703305,3.12528574492545,-5.063829318055469,35.110540038318334,-5.161133284885275,5.0,2.433160433332499,800.0
SA,-7164.7963284375965,94.27775075862156,-32.95149635751683,-34.8623949431918,3.6010222901711337,-4.998937690450638,0.6490930958470607,7.329350791705126,800.0
WOA,-1623.322843905105,111.97525661535138,-2.7747335785019267,-31.83703548004188,2.466176612757151,0.671126602239122,0.0020434300990535633,1.213159943952466,800.0
GA,-1381.4705634233624,79.8149089400989,0.041462407563675585,-0.00929179413396921,30.088812564144686,-1.4793471701409708,1.5023724325063297,1.0020325820210918,800.0
εDE,-1369.1930041949818,80.09633800913059,-0.06296513640709378,-0.3499999981783031,30.278776371902115,-1.2482836298628972,1.479863942735803,0.9871108025612423,800.0
EM,-7164.7963284375965,7.746817145778672e-304,7.748604185489348e-304,7.746817145778672e-304,7.748604185489348e-304,7.746817145778672e-304,7.748604185489348e-304,NaN,800.0
ECA,-3027.560046045564,84.56893694334903,4.785043603897243,-31.89563570230871,10.075831191811469,-6.926311479976404,-1.1044939390953123,11.144848399799244,800.0
DE,-1359.7399274970298,80.00149034437908,0.07809578678688833,0.1031589793275618,29.973135224055213,-1.5120263822568942,1.7861494181184776,1.001249765768682,800.0
PSO,-1571.8209800375048,110.11223860658336,0.04357869890511619,-30.076248840576376,0.0,5.344376989816798,-5.0,1.0018334452145377,800.0
SA,-8416.27594609275,110.74219078720444,-18.672723039495978,17.172991559104574,31.192435401951094,-5.187253117186552,0.9229531936746325,6.077233668683475,800.0
WOA,-2989.5739332771473,108.70594071382125,-25.495523445733724,-28.76058406511345,35.68733050614258,9.616817998953472,1.6941811375254776,10.851940788965873,800.0
GA,-1374.7973098913342,79.87966607784898,0.28669178721490574,0.7036668156760434,29.02871155237787,-1.949035451884509,2.351163459663772,1.0060326698835516,800.0
εDE,-1359.7399294007837,80.00135453534604,0.07829071262264264,0.10357110386166468,29.97272792865549,-1.5121293486687115,1.786140058428558,1.0012475675015384,800.0
EM,-8416.27594609275,7.748597204865478e-304,7.748604158327802e-304,7.746817145778672e-304,7.748604185489348e-304,7.746817145778672e-304,7.748604185489348e-304,NaN,800.0
ECA,-3226.2222641332223,104.43601973156018,-11.878828635011097,-33.87228979123326,34.00345565025851,3.8843745443492175,-2.2903025799665677,9.70966925839746,800.0
DE,-1368.8022778264806,79.97967916782775,-0.10810520759179187,0.06593563124690327,30.032281835619447,-1.4561572019076552,1.8054320208588526,1.0103641702173554,800.0
PSO,-2993.1649417291374,79.99009942572579,0.11464549681598767,0.012122827182065341,10.28942183487941,10.0,5.0,10.201282242482934,800.0
SA,-11751.269182132204,81.1273229712695,-31.557509331143912,13.814049327689013,20.314509700754325,-9.93012637619257,0.618129735794577,2.839757679979255,800.0
WOA,-1773.3946890380919,80.56605696296859,-1.5133800127198507,27.618235448042665,3.164373575116994,-0.7327676681743965,-0.3083949014334489,1.709956592151257,800.0
GA,-1379.1101727959046,79.81382758684862,0.014952666429160266,0.2242306292941097,30.176522120510988,-1.6534019747587716,2.1654600119204717,1.064600721286508,800.0
εDE,-1368.802278765817,79.97951204668234,-0.10808770872718787,0.06628370474323786,30.032231841742636,-1.4560983549952637,1.8055077897146639,1.0103412995648675,800.0
EM,-11751.269182132204,7.746817145779087e-304,1.396124773965303e-309,7.746817145778672e-304,7.748604185489348e-304,7.291122019556812e-304,1.39069246474043e-309,NaN,800.0
ECA,-3220.3736281667916,106.98726650099792,-3.9937939228848514,-27.946261891673387,8.810366968163475,9.535548882386994,4.19390459125165,7.700097039436681,800.0
DE,-1335.871294056606,80.09496694089323,-0.1803173981718178,-0.17798653377634288,30.20550370729138,-1.5807746005603054,2.0238287505378243,0.9770641968976672,800.0
PSO,-3001.8127732305866,112.8266832365335,-2.8146324544359382,-32.792899446969976,13.13474583463297,10.0,-5.0,11.463155437730451,800.0
SA,-14511.256363260462,77.28549126756982,-7.548683046195123,-5.949065549592639,15.735953897633552,-6.484279328681122,1.847864221895473,2.4916110347502514,800.0
WOA,-1614.9632992240172,112.17732967099157,-2.2497944890719728,-31.75686972002468,1.151444823555512,1.7053328450898906,-1.3767274403571088,1.4807233674264317,800.0
GA,-1351.1465979585475,80.20761670870691,-0.30030455979192777,-0.6891970525870862,30.630934137213774,-1.9159463099553011,1.6305814429210372,0.9738930419176697,800.0
εDE,-1335.8712905176421,80.09491239676383,-0.18018626489319267,-0.17769861370295637,30.205244320704395,-1.5806408814320818,2.023755936146824,0.9771231315615794,800.0
EM,-14511.256363260462,7.746817145778672e-304,7.748604185489348e-304,7.746817145778672e-304,7.748604185488933e-304,7.746817145779087e-304,1.396124691073577e-309,NaN,800.0
ECA,-3264.7121587600664,80.96175533991703,-30.69713808132145,-0.020375735038534515,28.391979312803027,6.431176581184118,-2.2918625419281726,9.979010379357785,800.0
DE,-1307.5536230659213,80.05927733580117,-0.20332532878854437,-0.2590005842575458,30.34209689507078,-1.44112915149692,1.8051223617614252,0.9338001777645624,800.0
PSO,-2178.5344869503274,76.85040397367412,2.973907022716226,-4.931001837588329,35.105907337021094,-2.2020359905359927,1.2706164511637512,2.408347787281666,800.0
SA,-17516.886366573144,92.98540871586577,-31.25396858212113,-21.831819686704822,24.159254468261878,-6.1702067393029765,-0.4635308713232478,3.8651997506379177,800.0
WOA,-1644.2117813128898,111.95631131069521,-3.1734399115807235,-32.08209762557707,3.3266642087957585,0.40949393161251485,0.05868043069124743,1.0876437934222116,800.0
GA,-1313.210298522108,79.86922517044363,0.00047315995926379417,0.32945092041549706,29.750136216856852,-1.644985565149315,2.2328258066890068,0.9627048650200806,800.0
εDE,-1307.5536205655656,80.05909041168371,-0.20312211218182696,-0.2585714618119326,30.341642462481474,-1.4412565437846672,1.8055993777589294,0.9338243138257127,800.0
EM,-17516.886366573144,7.746817145778672e-304,7.748604185489348e-304,7.74682409913448e-304,7.748604185489348e-304,7.291122019662497e-304,7.748604185489348e-304,0.0,800.0
ECA,-3122.9773386662537,102.48141023292936,16.491387446927554,-28.18956259946071,2.3963685782467694,8.60164575981279,0.18053722946646555,8.501361654886301,800.0
DE,-1371.0667147555623,79.93055365822691,0.12057938480735864,0.41294672623081397,29.37722669836755,-1.4760655637046214,1.8274310862902965,1.0076619654007555,800.0
PSO,-2534.3127507819245,112.41605605741809,1.3414824993396637,-35.7691647682675,0.0,5.269899770943732,-5.0,3.3071099062619886,800.0
SA,-57423.56550735332,77.42591787870879,20.426047463761776,15.192889294306624,11.611882419209387,-7.698640454123584,-4.547422719832842,0.968395363101899,800.0
WOA,-2989.0788881646986,108.2046983861787,-11.246427793454744,-28.321772197443593,21.455684610696437,5.032023052793736,-1.5588610993048,10.776979289046533,800.0
GA,-1378.018653425956,79.83351537666029,0.05690388234024968,0.568295692582974,29.4706073005818,-1.6212728814157755,1.680042480871917,1.0108755604973871,800.0
εDE,-1371.0667174983225,79.93041700332124,0.12075118351214265,0.4133070336542366,29.376944058508847,-1.4761862799164804,1.827624759126243,1.0076159494834198,800.0
EM,-57423.56550735332,7.746817145778672e-304,7.748604185489348e-304,7.746817145778672e-304,7.748604185489348e-304,7.74681717294022e-304,7.292909059267073e-304,NaN,800.0
ECA,-3493.294764836914,83.20489383757179,-12.201046161549783,28.690631761459898,0.4787607064614844,-7.191293258213493,2.22274707217365,10.327468786155556,800.0
DE,-1329.1401316732236,79.90301141731041,0.07603907563121615,-0.0015771492338938486,30.08137057876308,-1.7327186667257441,2.1580967111912255,0.9794410345920885,800.0
PSO,-1443.3933395339063,79.91661322205134,0.051500819945600525,-5.4187703714243485,35.530622341098876,-2.53344941857135,1.756269807857912,0.9798608814182933,800.0
SA,-209702.69097388096,103.49566519267108,-6.1232960944109145,10.357174610926613,26.096221473017803,8.12964214014199,-2.7758761195698787,0.8939560969410538,800.0
WOA,-1544.6116310598059,79.0763208180716,1.52028457665367,2.560993175702481,26.64610155274255,-2.1881646194200113,2.0057780603998534,1.4666676209122211,800.0
GA,-1344.375216861832,79.96340756796286,0.14474272957284612,-0.07407756081375863,30.058428928576358,-0.9798173548782834,1.4653841886824268,1.0406970594477936,800.0
εDE,-1329.140130381965,79.90301434731452,0.07605630356960891,-0.0016886115430292392,30.08145435159214,-1.732795257617723,2.1583300303683983,0.9794195580745562,800.0
EM,-209702.69097388096,7.746817145778672e-304,7.748604185489348e-304,7.746817145778672e-304,7.748604185489348e-304,7.746817145778672e-304,7.746824126402542e-304,NaN,800.0
ECA,-3017.6399906404513,82.77162132237201,10.639787431135666,6.606165129252226,0.35200213546450787,-8.849679755306125,-4.726449476137475,10.675136933856932,800.0
DE,-1354.3633372524205,79.98088378813605,-0.06365570093036332,0.12944137972897973,29.728138581866308,-1.467865884605744,1.748985954480895,0.9906916364426881,800.0
PSO,-1354.3633340964202,79.98088057464423,-0.06368122304069856,0.1294640326823701,29.728049024521805,-1.4679581730595286,1.7488025215797771,0.9906617533331685,800.0
SA,-6109.988956675315,88.57374899470783,-33.983390285360265,26.970152795956288,18.231744439244302,-7.495834855693877,-4.481343287246096,6.632051346712568,800.0
WOA,-2984.0006207521596,80.033379570119,10.178048803259157,-7.5171688090681155,1.3273489777209317,-8.973042091003958,-0.14696962346963646,10.086663723939004,800.0
GA,-1365.4362270269999,80.08769020147203,-0.14055671154041194,-0.11484387927076445,29.93669582207939,-1.6419854749794922,1.2688076906044503,1.0305024083862788,800.0
εDE,-1354.3633455740783,79.98068847094642,-0.06355028426202836,0.12974371485610625,29.72773177990335,-1.468536510750416,1.749195624533933,0.9906877811083155,800.0
EM,-6109.988956675315,7.746817145778672e-304,7.748604185489348e-304,7.746817145778672e-304,7.748604185489348e-304,7.74859720486548e-304,7.292909059267073e-304,NaN,800.0
