untuned,tuned
-171.88012538044785,-171.99278979263863
-163.76044551743934,-163.76044544481707
-170.48108972286042,-238.25457661851357
-181.9176418602995,-189.29597747293693
-171.8553512306513,-171.86041173945472
-174.32541612033634,-174.32541610202009
-156.4309944569281,-156.43099551648135
-187.71420959309782,-187.71420932045675
-164.7229639256511,-164.75941262837546
-157.84347391734116,-157.84367657438432
-162.01644905358506,-162.4012155670847
-163.5846899055776,-163.58468980844134
-172.94938104488472,-174.23878613224826
-171.00339692416946,-171.00676275021448
-165.18862023432274,-165.37930559610612
-169.5515296736562,-169.55288366962785
-164.5164979420711,-165.68013160614314
-168.23872874546348,-175.32077399707413
-163.3742539992332,-163.3742534181792
-168.3100891802755,-168.31317715065114
-162.60596124800662,-174.06095668609152
-171.30352163451437,-171.30352142663435
-184.21887547597345,-184.26875909682718
-165.14995469827699,-165.15037377408066
-174.89303727775547,-174.89303699620444
-171.62141819160635,-171.62141805210706
-166.5116460441057,-169.79509869797434
-178.21737813358834,-178.21737804929018
-159.5762745644928,-159.5771788435244
-164.4843700830544,-164.4843698851787
-176.04039387905587,-176.04585757634777
-182.3900090465041,-182.3900088447145
-178.9354924153168,-275.071789812977
-174.35806988510973,-174.35806928827242
-179.49241625238628,-182.11969576982233
-183.49374683304677,-183.49374639044896
-156.4755721567189,-301.0816718305644
-168.1242954849859,-168.14919458063642
-174.093745310031,-174.305646074207
-155.14363607633962,-159.81100402446998
-168.5045315498245,-168.5123461568901
-169.94289587599064,-203.93180158251488
-168.38000100794835,-239.61139390104648
-174.45675279880652,-174.45783617134504
-166.48559793929167,-166.48560366042244
-137.41015930070728,-139.24603589080095
-160.2018225049211,-160.20893828522563
-166.98474585504925,-250.93731556049693
-156.07539715314545,-308.7061950966115
-166.56692108027465,-285.4920271539957
-177.3967488059248,-188.11798216188132
-168.44854537304755,-168.46099588885136
-166.4176706815739,-166.42060774325108
-165.0809088674609,-165.0810413479498
-144.68164826788424,-145.2299896591346
-151.71050963285757,-151.7105095461987
-155.58760179453634,-284.3642502819765
-166.37609907032336,-166.39322458130522
-157.74684655905406,-172.86775973521372
-167.4794667064005,-167.47946579843847
-156.18013903207094,-168.72030882745491
-159.09609974795603,-159.0960998402913
-165.2812069746035,-165.29500665709276
-152.75757486323573,-152.77083296737524
-176.50570797214812,-176.55595561255825
-180.11534742817105,-284.45348987243597
-162.94016022815788,-163.46917837695034
-171.6962717075652,-171.69681692594224
-162.4395818428579,-162.43956930704687
-178.5505866701193,-178.5524363231474
-170.87176730869186,-263.63821842797233
-164.58700402573692,-164.6591198990826
-164.68370141268548,-164.68370137948904
-168.2539883122417,-168.25406776083935
-174.00902356987524,-174.00902333887774
-164.22188124202825,-164.2218814118735
-177.17795628488304,-290.72310409225054
-170.72994887929744,-170.72994877016288
-178.8174143432066,-178.84145290658168
-153.94258385269347,-260.07159518067397
-164.08699876720425,-164.09306618434852
-155.4415396538456,-156.54109120537453
-164.50312369237915,-164.50312259904464
-168.63835970196521,-168.64768763425738
-163.90604140967832,-288.5383588668055
-176.01554095053558,-176.01554024886366
-154.04818808953848,-154.0481879715066
-165.67899283440292,-166.9351144527024
-163.15717806970457,-163.1680662504058
-166.10291115346953,-166.1029251955399
-154.3785532723519,-154.42586871699262
-158.78030896378786,-159.39827582613248
-163.73848568410565,-164.49777742887483
-162.66764262383163,-162.66814245478415
-173.13924239359721,-173.95375690574187
-160.7760781898412,-162.331052162926
-158.32672108032793,-158.32724895508196
-163.02079619552418,-163.02080568349396
-157.4805164732995,-157.5015591964106
-168.27212089042726,-168.2910679506253
-160.67150092370284,-160.67150088882522
-166.89296780744178,-166.89296680641345
-155.62449839913023,-155.62449837437072
-178.4278437625236,-178.42784363538226
-161.0087077699179,-164.96834619685825
-159.1359844963045,-162.92940214873897
-160.12529185316163,-160.12535555589147
-154.233388399478,-154.23338825661904
-166.47186879553382,-166.90280368316667
-166.04865091123668,-166.4612286185009
-172.7013470268486,-172.70395558814022
-155.1584450066121,-155.15876159383959
-175.2637849102124,-175.40368570462687
-167.11671626793336,-167.11983445458822
-175.30143438565784,-175.30148222186904
-166.4775652146545,-261.38557489761405
-155.43634357609358,-205.2145016915572
-146.67535801741872,-146.67536184778805
-165.15007510900682,-165.2583792628401
-151.88420855532763,-153.132269157706
-156.23693071391995,-156.2585746585894
-162.85697480976341,-162.85697459465126
-166.23881365164507,-166.23881428861293
-170.94832437759703,-202.39237197869926
-170.74248861513385,-173.17701344603694
-168.491568194958,-310.34002151093625
-164.06219699212505,-164.06219791966134
-170.06145957887114,-170.06145950024757
-171.28383983220152,-171.28385517720977
-163.55535904230987,-163.55535864551837
-169.76815780996725,-170.20045118101478
-175.61311529732023,-176.17368914155338
-162.75323252687411,-162.75323223473697
-156.98232685561965,-196.02823879373204
-165.8765442137877,-165.87654382907004
-175.01130514583983,-250.42606895873314
-159.95261079890227,-159.9528286108021
-171.67323205499406,-171.67340857052966
-166.60791782310594,-166.60791779757741
-148.684793714006,-148.85300632978928
-171.17729499050137,-171.3725945039544
-171.37442174298718,-171.37442165646684
-171.17540134273813,-171.17592029913678
-184.79738026268276,-184.79839969243005
-162.34941300947625,-175.55189457396182
-173.32300754112356,-173.32300738467603
-164.7296182629133,-164.7333133028798
-160.7103867330062,-160.71038571307824
-168.24738156397007,-168.72548608025795
-161.50067459727984,-161.50067432973913
-161.64258417267774,-161.6429370579662
-175.39897538510053,-163.79635554154933
-174.71196637214135,-174.77737151070832
-163.99638495693688,-163.99638423429025
-166.36921332571984,-167.6846603424628
-167.9503548471473,-167.95035329928902
-155.15276097876543,-155.15276092389144
-173.1182250517099,-173.12001295547924
-145.82967080844747,-145.8683237271736
-174.1535678764498,-174.15357148573378
-164.6583027727865,-164.67161867262683
-167.55876627203716,-167.57269634176618
-163.38798047634418,-163.3879804392909
-156.74765587864619,-156.747655615359
-176.54057328589465,-176.54057305288416
-164.5636270848866,-164.56363260878908
-159.2414097354492,-159.24142373282064
-179.829821942626,-229.16097855371834
-158.13027367497972,-158.20979371958913
-173.46443572656054,-173.4644351040602
-153.47241675072792,-153.47242647749886
-153.19171203464413,-153.191711613825
-164.8117979174759,-164.81181253441872
-170.70057362751385,-170.7258407835062
-174.20354853937948,-174.2078348582031
-180.23836356019552,-180.90052684201382
-172.13045995330458,-196.92602418151984
-177.60455980928975,-342.547321235219
-160.84600202220633,-160.93863651385533
-176.3938296921363,-176.39383161918119
-161.23191238932372,-283.001996135868
-157.71516996488108,-157.71516968269373
-158.9567703536505,-158.95676978088844
-172.020789944697,-199.19029739558528
-170.15802101257776,-187.00473667231273
-168.87530524121354,-168.8753051197881
-164.3600720082004,-284.58113366020154
-164.17055047678423,-164.17055040818082
-173.66781887376908,-173.6679684570366
-161.22209928759776,-161.2360772032656
-173.51563601101617,-173.51563579333424
-162.74495842221847,-162.745544616467
-178.67043442117205,-178.67043422861207
-153.82740880921975,-153.82740877090538
-179.2935606980781,-179.29363781121887
-181.05185678950346,-181.0518560498571
-163.61823357085663,-197.91956984712232
-170.57608535903273,-170.57608507909413
-160.13657984079046,-160.14264228202228
-157.82363981912,-157.91638656243308
-152.6352687613823,-216.7359603838263
-171.14259755720354,-240.73322020424888
-160.0152979783883,-160.16969651757444
-168.01477977807238,-168.01478372915625
-180.56581189845568,-180.57548075855988
-175.5668837708875,-175.57262142092696
-175.2825008341959,-175.282687848977
-179.39615301876535,-179.3961527124183
-166.80680459825993,-166.8068041993202
-152.45551650649142,-152.45551647827824
-168.1743278698816,-168.23716117680783
-161.94194435675112,-184.28556043315965
-163.71021238865086,-163.7102120747819
-176.23825584708686,-176.238254837071
-168.0232041408228,-292.83131090967595
-175.96776488804892,-202.66058955080257
-164.95471554666315,-164.95480224966354
-170.38232250169253,-179.0259366814022
-174.19918418893297,-343.47491088276297
-168.71565796826098,-168.71565737356318
-152.848970392412,-161.99247648811422
-155.61072131514055,-155.6107211865314
-151.70840726409278,-168.81496127404114
-163.54415969384792,-163.60618130340134
-165.57965255783793,-167.83984999484494
-179.2198086660698,-179.24017287517077
-173.88218230217217,-173.91454911463686
-178.18761908503168,-178.2138792478994
-173.46851531152316,-173.4685960549711
-172.97381595877602,-172.97381489168995
-166.81143133922924,-167.28005664590822
-156.7903275511104,-156.7958248444561
-173.34352090529433,-173.66290663447853
-175.21882901083387,-175.22525363058332
-171.34219383696632,-171.34219273888544
-172.4252576205627,-172.42525858710388
-170.12030850577645,-313.45414094942225
-170.27443467694724,-170.30423305178562
-173.93769695116322,-174.28157568136658
-156.6961466659431,-157.0537332357896
-163.74160933676137,-163.7480051207566
-153.49322486088664,-153.4932257648638
-161.81253557925112,-161.8128473673225
-178.9282416149502,-178.92824076131726
-165.27821471041293,-165.2782146144839
-156.14560272893794,-156.42698619731783
-172.37865298194123,-172.66520382652382
-166.38277061593402,-166.38277007519338
-178.66076831986084,-178.66076860265576
-174.39786277960326,-174.39796161209495
-159.70096107449382,-159.70096096561576
-163.61203395411712,-201.7435850449819
-168.46986808319735,-185.8427862431908
-164.90229945616693,-164.90229889131567
-170.42689730271894,-170.42689692903747
-169.96881755311102,-169.96885760473577
-162.32889899599306,-162.32893363509976
-172.00374085466177,-197.54528427940676
-164.14178104341914,-164.14177999703892
-170.5045783835263,-182.24795765802347
-154.89784268378781,-197.0114370708106
-174.4946279959953,-174.4946277044758
-169.14671853580688,-169.14671878498876
-172.84870012371806,-172.91721490141106
-146.4856301474095,-146.55144465336633
-161.43854340968159,-163.99006654969153
-167.68669685711626,-245.073540885738
-159.0932327056167,-159.0932327143493
-172.52193117407703,-172.52928268385637
-171.1197095373508,-171.11970943871654
-161.02511174659128,-161.97442550026938
-180.4232744049258,-180.42327405633154
-162.18929120654877,-162.2120751784521
-169.1584175279883,-169.1584394703594
-173.554364393242,-173.5543641519751
-155.4811853697912,-155.48118596662385
-164.2473474522233,-164.24734743343345
-176.1851848433978,-176.39734885397968
-167.31390037913985,-167.86247753072712
-165.0684983848595,-165.09723463256825
-162.3009317125081,-222.65493658525946
-161.82991954228459,-161.83529898357267
-171.12503993157642,-260.90176166623104
-169.6723631421736,-169.68069928342356
-159.91714238376298,-159.91714191079333
-180.01035448637376,-180.01035431588735
-165.3980430300674,-278.7654666250579
-180.62893678302856,-180.6289367785452
-178.2834172326911,-178.28598582244746
-168.62759919253426,-169.85533873479483
-159.9109431135355,-159.91380174777007
-163.48354038156435,-228.12901242495116
-163.11199377558137,-197.97937252780645
-183.96874462209354,-183.97428299801058
-157.03591023251954,-157.0369000482345
-171.5635378194928,-171.81073976493175
-157.36030977972104,-259.67641558229093
-166.44292659896874,-166.44292649420558
-158.51531263991595,-158.51723633648405
-156.3491991503496,-156.34919912846001
-162.22012291579526,-234.0344981642216
-173.66903473625848,-173.7023429938928
-166.057503387775,-166.05750191605654
-177.9475728906433,-177.9475723372463
-175.3288671771046,-175.33635561012017
-168.58155478988755,-168.60445974770863
-165.4506875689502,-165.50958466026617
-161.8900199135992,-299.0147915703218
-171.02978091455952,-171.03011140493996
-173.90494275081755,-197.5063607494361
-156.93953102968425,-216.74263746412169
-162.76045067799765,-164.7085048285506
-158.37059899779186,-158.3706028007839
-162.591981758077,-162.5919812644422
-173.36420172818507,-173.64448422619847
-169.99735604736856,-169.9973558029577
-162.6616927223516,-162.66169269279465
-158.94510576242328,-158.99271472614095
-165.42812897683882,-165.42812886046852
-182.44023603512133,-182.56592731230012
-169.30040828041047,-169.55252149540513
-177.34937476803427,-177.34937397541853
-159.73970751316247,-159.73970730277398
-163.7197741597132,-163.71977382831628
-165.68154329106176,-165.6815429304853
-167.63819617325163,-167.63819616719258
-183.5742396480548,-183.57423747628656
-150.66396649805847,-150.66396716111535
-163.89055146314263,-163.89099928647903
-175.23947897850883,-175.23954783522353
-171.90259705003734,-171.9028661257317
-152.482797990683,-200.90580116661334
-161.79176448934652,-161.79176435262787
-173.71405387990788,-175.4878540710155
-161.28177128812285,-326.15265891171896
-174.35998440586067,-174.78355273656692
-162.60515066740328,-162.6051505690529
-158.80676043487028,-158.80724589976052
-172.89542270793186,-264.16342383750384
-157.3660938698364,-157.36610023495078
-188.16384857532918,-188.16384575355414
-174.18377770561594,-174.28695810670135
-156.84280219137221,-228.7452290000565
-166.64288421860235,-166.6460361496095
-164.0548702800936,-164.93085803615875
-164.51057598629583,-164.51057145558886
-169.861429954616,-170.12748153988844
-151.01097668908136,-265.2794610810295
-175.8751937312029,-175.87519361888667
-166.68983573272772,-281.4899695374562
-154.5829805977109,-154.9894261629855
-162.26274210939022,-162.26277510510891
-170.30872289907163,-170.32508783842826
-166.82293714613363,-179.6722717816131
-181.2581733003451,-323.02355107177334
-151.77726214370955,-151.77726209443387
-180.92435051024225,-180.92435031037218
-171.6887638618884,-171.68876383306196
-169.5540551712403,-169.55405501732253
-172.62297465993686,-172.62530654874115
-171.26199295883296,-171.26199156679786
-157.83980534167728,-264.8784766363191
-173.40364850532603,-173.550384963483
-171.1714174618722,-171.18479935741442
-165.24845585086172,-165.24845552792658
-188.27846715634837,-170.55430218032336
-152.1871568424079,-152.1871563974783
-169.89633733570133,-169.89641148189006
-170.4340934424502,-276.33301345177347
-175.76405447592464,-175.88050657482626
-164.70097167762296,-164.71172161621632
-162.7595610569188,-162.76175259206087
-162.54542959271822,-162.54542921436837
-156.77687429568562,-156.77695362901324
-154.66711646776002,-154.6686378911822
-157.60828212653956,-157.60987907480126
-177.8573957842127,-348.6127802076346
-175.4326662538074,-319.80098276265164
-162.54516270899927,-162.5451625894897
-171.24457642154846,-171.31625425914854
-152.88476108145755,-152.8850075683817
-182.0611549631193,-170.4945466368083
-157.47748863185717,-157.47754762118976
-175.32896471864956,-175.5595392637091
-167.73755355604345,-168.5200738326324
-170.08118386806615,-170.08118358931202
-170.12585948651127,-170.1258592067673
-176.65629318781478,-176.67045643887218
-174.07706570722542,-178.24117639219975
-185.09692058245395,-189.03211231185423
-170.115058330487,-171.02878521873097
-170.22522915007426,-170.2252210422672
-168.5769480174752,-184.10351632649287
-166.17353750079826,-166.17353715570943
-163.59194691050897,-163.59194646276563
-161.25511893553391,-161.26881127122948
-170.01262889379566,-170.0164872373561
-168.8919206665143,-288.2961891174931
-180.66952086550094,-180.66952059602866
-171.21865904448742,-171.26062557902202
-176.92871845116713,-199.84877299260796
-156.96491039200907,-156.96491424954965
-178.8626306596475,-179.04587567905543
-167.44600097678506,-168.0076192939397
-166.58003971424483,-166.96636814699508
-161.88865973466653,-163.19602037110292
-166.92487546581327,-166.95235636326578
-153.525711246144,-154.1647012671878
-164.035704872838,-164.03570433068077
-178.59385863017218,-178.8648830037423
-144.7114655075551,-144.71151902499702
-172.9156608462399,-172.91566887430048
-160.9257583271785,-160.92575467321535
-155.26447067914836,-171.77326008111146
-180.4922287310912,-273.6170452384587
-172.31220788233082,-172.31220777504254
-152.85128915453154,-152.85128845191173
-154.84971473600322,-154.8497147960735
-171.09467781281512,-171.60845691153287
-160.69041630554264,-160.72225950820095
-169.68209804824463,-169.72195960489302
-171.58605731262747,-171.58605825269245
-173.99007824466554,-175.66111446456875
-175.97712944019165,-175.9800641747105
-169.49334341572646,-205.68649233151035
-159.39402587937786,-159.3940253982076
-168.64066121571807,-168.64066065098456
-161.29862741914258,-162.05488909793763
-159.03149028922195,-159.03149008029095
-181.16099490661344,-181.1730205347217
-172.4164254215106,-175.3948762135904
-165.8509884373007,-165.8699113146858
-172.4948821955262,-172.49541569928647
-174.597421134096,-174.59741972213237
-171.9185299683016,-171.9396517562917
-159.82570413398037,-159.8304696732789
-165.9390922980329,-165.94808149273786
-156.908490337881,-156.90849023134427
-160.08428734362175,-160.20549372151567
-173.679844978208,-174.94119384950054
-165.40684414578604,-291.609740631001
-170.43629545659417,-170.44694208777557
-180.09867879860593,-180.13809969376433
-170.91239891805787,-307.8294188083317
-173.8764037776144,-173.87640314254938
-155.71745947346562,-231.92715148386065
-157.89706773642638,-158.010991675798
-151.8391179287637,-152.2988969788713
-153.2491907500741,-153.24919061834328
-176.13703337497037,-176.14587018307125
-163.93315714970174,-163.93315661999526
-166.63565981853682,-166.63565975683866
-168.35225312731544,-168.35231021680886
-157.90194633692494,-157.90194586219775
-171.01739230861028,-171.01932698402584
-163.42378297599402,-166.43395586697085
-165.45570829910736,-165.45924850459426
-164.08221475386176,-164.0831057110355
-169.36012252200243,-215.43578467018324
-165.14818538855423,-165.1482127578427
-184.09635172142717,-211.7700911258562
-153.16251116320126,-153.1625109955992
-171.20523631867047,-171.20523603662292
-169.50743325892202,-169.50773440088147
-162.23311804280013,-162.23311537295632
-151.54100825247366,-294.9930550818931
-168.33274953026512,-168.3327491954069
-170.75687809740612,-170.75687786472344
-150.8341619326559,-150.83421597676005
-166.27168826679144,-166.2717576081409
-165.65426335823466,-165.65426321166353
-154.5962613214311,-154.65758950254957
-149.0455779016113,-149.0859624862242
-167.67415067171777,-170.76880088521352
-171.05667100807904,-171.0566710051928
-165.318322627726,-189.38828042115784
-170.5839960792785,-170.58399598345903
-175.71533224233758,-175.74911035559114
-151.72908332438953,-151.73415665509074
-166.0390530535777,-177.07834886620435
-166.4178942528613,-166.42257085020515
-174.8758974763021,-174.9081029973871
-167.98012859537533,-168.0173226679285
-171.2547097821173,-171.2547091322515
-166.32177128639427,-166.3218261876267
-154.3357901674189,-154.33578986403603
-170.36852818204483,-170.376019691895
-171.1964229429608,-171.19642279703547
-166.92306681411958,-166.92599563360204
-169.0998577694137,-205.16117019059732
-160.15714895113945,-160.28637420743246
-161.82325739228213,-161.8232649414988
-159.05583943937305,-159.05583908272854
-164.99851373813334,-165.10903068733643
-154.17621193556502,-154.17621635828255
-164.70510412790165,-164.705199014543
-164.8830085284032,-147.5604633164379
-163.5165081445314,-163.53665915430764
-163.3742465797456,-163.6319721234354
-157.21884214901178,-157.53995694226103
-168.90126971830193,-168.90126866026603
-165.7532710766663,-165.75400515417803
-151.43830123975135,-151.4383011195132
-165.80639902378397,-165.80639877577974
-153.96840362491446,-154.01058045394734
-174.92751892629013,-175.91197565306476
-178.27295807354824,-167.82692461125356
-165.20024247682983,-165.20024844999324
-167.37002435275738,-167.37002430292313
-163.67671687673675,-163.6767159723563
-165.80217181361013,-165.8080029076116
-175.4619492188396,-175.63120254517509
-172.24630383693648,-158.42657453663628
-160.66361274903875,-161.55035513100174
-175.56293691367307,-175.56293995346908
-162.8395489604208,-177.73259308272335
-168.06334592588237,-168.07301403594718
-160.09217346640455,-160.09217337889024
-167.75759834006323,-167.7602949836533
-185.40500253833392,-185.41002570140046
-159.6032068147465,-159.60320625500833
-167.44102181387564,-167.44102121197437
-161.5313590961863,-161.59410867295173
-162.5742295998259,-162.57422957650022
-158.95894338217545,-158.98870899341443
-172.73862585478167,-172.73862569972175
-147.48013041952933,-147.48216127943542
-174.41173915043237,-174.41173911406645
-161.16088594449445,-161.17070775716178
-176.8889227361372,-176.90647138440528
-170.96939028297044,-170.96939023447163
-183.60367859963168,-183.60363687388357
-169.55214263874922,-169.55214168237177
-152.19385871493552,-152.19385809348546
-168.10940881517826,-168.10940870427294
-178.50891128921478,-178.5089111377418
-176.16796387554086,-176.1679638301105
-164.8739279261008,-225.06269881005784
-163.2323231372186,-163.46791076619803
-157.07612600733282,-166.12326286004597
-169.11699783615404,-169.21715463198035
-167.92454042731677,-168.0366979587804
-167.96735504726354,-167.96761275576534
-166.88214951105658,-168.79059961019016
-161.9013103256695,-161.90251110088457
-176.25830352150913,-211.26793416841946
-157.01486028327665,-157.01789468476292
-170.7383230766883,-170.7383225341996
-147.57504046362692,-147.57617445565455
-164.6009026841374,-238.31728446479627
-158.77730801598375,-158.88199578797725
-163.6321380919282,-163.63213788675273
-164.90205688581656,-167.8910393184401
-147.13415364507898,-147.13415354920676
-167.39504519069487,-167.39533824139278
-157.49150359016494,-157.4917354757753
-168.05309908292725,-168.0530989661654
-176.39188314694542,-177.37918991918482
-165.81862232632247,-165.81861996915177
-172.6020409462473,-172.60243030528682
-154.72310516865778,-154.72311860859628
-162.5799819357302,-162.57998147622152
-158.36416260762076,-158.3641620101683
-182.6580293758623,-182.65802852808957
-165.03187138841588,-165.03250505684588
-159.47789718700778,-159.47789715452438
-161.07520864703247,-161.10291812739416
-171.36377662976707,-248.0127953859274
-161.30651916295938,-161.30651901179942
-165.48784061327706,-165.4878398792468
-160.95213998636714,-177.28800182535468
-173.68767783253543,-173.68767734695322
-158.4328815188149,-184.49784518873076
-169.32708412779198,-169.32708368478836
-157.62805111531117,-157.62805108201047
-166.27982812848842,-166.2801096892398
-172.83779422615166,-237.29581629545126
-180.1879854388482,-180.1879847429604
-178.87682862050292,-178.87682849049708
-167.60276781552946,-227.72887688179577
-167.04941727778967,-204.45859185068355
-174.5575321845068,-174.56298803655628
-157.57952803528684,-157.57952772100236
-167.38516834577038,-167.40756790652426
-166.59434601913654,-166.5943459318899
-167.93025418018834,-183.48000322472558
-159.3873531842531,-159.38791345818794
-171.75463288766665,-171.75515190312382
-166.1414883465818,-166.14148592929655
-174.4286524910523,-174.42887354949698
-175.07101945367492,-175.08156574547246
-173.39817109796724,-175.07849684517925
-173.23239921813627,-174.3025246929995
-172.28613987549332,-172.77632971301523
-176.81050780878596,-176.81050757531204
-172.98338402446723,-172.98476475440344
-166.77460730932242,-166.77460734579103
-171.20197767071784,-171.20197629285366
-160.87962296524447,-160.87962284124893
-162.29822998116362,-162.29822993370345
-166.4095151346446,-179.17116135258945
-156.59927860763696,-156.80180034436225
-164.44948284027353,-164.4494827778264
-165.76134114604065,-165.7613410418531
-159.82159799664925,-159.82159787681974
-168.29152992169972,-168.29152984467277
-169.8837497537703,-195.40452865464164
-176.87813435057885,-176.87872889070266
-165.83108541631816,-258.8182403821982
-157.01788767732128,-157.0178871866703
-176.55519681885045,-183.4492113207743
-160.1918299883149,-160.191829631024
-158.23419714834282,-158.23420410543616
-170.22557026154192,-295.7089548445
-165.61208313308333,-165.61208267105698
-168.2351305998876,-168.23515075524185
-169.21261189853345,-174.57975923415137
-157.54886621381587,-157.54886645514026
-165.6638360766991,-208.34132264155727
-165.7683069361866,-165.7688949974966
-176.54574700372416,-176.54574669658382
-168.04668473828616,-168.04668443118663
-150.61139748904267,-150.6120149583249
-167.05025759811485,-167.05027020646583
-153.11518632464333,-153.11518565098592
-164.6206545560716,-164.6206543717604
-176.8931637611754,-176.8931663856027
-163.9724184140128,-163.97241809716013
-162.30842199402093,-162.30842188112197
-170.93568862393994,-170.95952045253506
-176.9158821305178,-176.932830143197
-156.3943372048772,-156.398932996692
-172.64138380250512,-208.87406216704636
-165.17606500384355,-165.17832802832584
-175.49504962604982,-175.49504897108807
-160.4994159888641,-249.86583479658754
-166.5950104380533,-290.21786578605247
-155.03981281370255,-324.2035871578229
-179.69190783496995,-179.69190520461265
-167.27259788822477,-167.27259782941624
-155.5946199475718,-168.49171822439422
-164.2696988100868,-164.26997439834796
-166.081307618739,-166.08130741655054
-177.30577641703331,-177.30577581192813
-155.99580842069622,-230.16285918449984
-171.68777007008777,-186.6455175324078
-176.38128828281845,-176.48789764781128
-180.5861867988674,-180.59277871073317
-163.7762589866855,-229.22172249568757
-165.244599355841,-165.24460395210284
-173.58541837380287,-173.5854178446358
-172.8250029689596,-172.82500288523116
-157.0742910032154,-157.09638523166876
-169.74799839880944,-169.74799702178726
-166.63490999591014,-166.63521801320644
-168.8210266086919,-168.82102614241364
-155.6798075718994,-155.68228491122977
-156.78977445380855,-287.3656011316349
-160.46441041119547,-160.46441029304208
-153.41471811655612,-153.41471808869102
-157.8365717515027,-204.46694185575632
-169.15990387394038,-169.18567230194628
-154.11053461743236,-154.1106256640507
-180.04681995941615,-180.04681962514744
-159.48071818907857,-303.2724064702048
-170.27085062526086,-170.2708503239598
-160.90465793333254,-160.90465780695735
-175.0729935363375,-175.07305078045448
-166.60295578416225,-166.60372542032087
-173.1839408597503,-173.23011460668596
-173.51429235319114,-173.51429220899172
-161.82923418266253,-161.82923414545257
-168.1906703509584,-168.19066819235394
-165.29599945531226,-252.48000711426977
-172.3044865519806,-172.30448639249482
-168.8103744609865,-168.81533932808554
-162.61723772263178,-166.4014739727216
-167.60281877627517,-167.6028185936804
-165.8612035229565,-165.86783161274798
-173.34815929733858,-173.34815870865998
-155.0111744231745,-166.06662405699458
-153.06848357618833,-153.06848350612523
-170.41572380729306,-170.41572369099651
-167.54314646786582,-259.0435874699573
-168.99178537169797,-168.99178489784543
-181.66235109282928,-181.66390765685276
-173.08088943149122,-190.66275048394306
-178.3065332931214,-178.30653774008528
-167.21514532349966,-168.09476046283655
-174.07152941025052,-174.07152918814495
-165.10626001482365,-166.20758806528227
-176.3160351145866,-176.31934964370737
-167.09337436211075,-303.0305780885051
-165.50503912854356,-165.50503890100015
-166.55299897589003,-166.5529987782209
-169.7801049659013,-169.78010492699028
-182.19376602503104,-241.62754559092247
-166.4177610893455,-166.41776102887474
-174.1901738721498,-174.19017349700758
-182.24888774794718,-182.25106661803375
-165.0170359161114,-165.0172876075746
-179.03374644512206,-179.2400607723311
-154.12610880476865,-210.5744516453018
-164.89512862755436,-313.42780838721995
-168.23542617851086,-168.23542565700205
-163.1083939988791,-163.1083935028298
-181.09397068738656,-181.0939705266961
-157.59875783152097,-272.52827957053313
-153.06955711880678,-153.12675425235983
-163.21582972225698,-165.7150700990587
-160.8904830550274,-160.89048231787234
-172.27508974067513,-252.66955900557497
-163.93883660310308,-163.93883654522656
-171.7282400694533,-171.75114239349557
-159.87003265537163,-159.8706368443698
-168.92976210997517,-168.9297619270219
-161.48593572340457,-161.48638932635356
-172.1961288718577,-172.19618119611118
-159.01727176520205,-248.93357916626638
-180.12725327631136,-180.13010618124133
-160.6377792281031,-160.6378026921753
-158.44085585147292,-158.44085575086962
-153.38644464796477,-202.655535819897
-179.49382722520397,-179.4938268479154
-149.92619675372842,-149.92642113673497
-163.6002382284386,-163.6184859216965
-192.43578205350423,-192.4357817781679
-168.24907637304813,-168.24947585129223
-171.68954767049632,-171.68954745613536
-172.7769339557468,-173.76703460676015
-161.86606845322342,-187.7609148129755
-173.01715843838437,-173.0193603921782
-157.73770155490342,-157.8646141928119
-160.72549346461943,-160.73486558983888
-175.50224637700694,-175.5022531039874
-161.67316969566912,-161.6732180372703
-175.61565789705813,-175.72854249647116
-163.3575066373703,-163.35751850061558
-158.7464296541259,-207.08471914774003
-171.61932083873904,-171.6193211900403
-164.8183424794687,-165.22370131966161
-176.61334080351872,-176.6133407708594
-154.5059598493827,-169.38780412390963
-168.8842282358341,-168.8842279819299
-174.96354563333978,-190.39779151736113
-162.97816113658092,-298.5328505749884
-174.1422971916686,-174.14229708161483
-149.25359738483832,-149.42433343959294
-164.03970447543054,-164.50172638381986
-165.47426903059198,-170.1024192157056
-162.08435077618532,-162.08435075342533
-151.77970513374146,-151.81429485163375
-160.3511064680579,-160.69187936269452
-164.93381622055753,-176.26256641269904
-168.20674843810627,-168.6234477493166
-160.25614726048894,-160.46834758216977
-163.26119237074056,-163.26119340360594
-170.0746018739758,-269.49969213249994
-174.06722202982996,-174.06722142849932
-159.42526480020297,-159.43763171004701
-157.55472256754732,-157.5547222059172
-158.17751197387759,-158.17751176635926
-167.3836320222659,-173.86485388568286
-159.8041336022265,-159.8041967965493
-168.5660732421462,-168.72724634645027
-170.798547134241,-170.7985469486893
-167.9360843884804,-167.9453468039324
-167.84666324799292,-167.8466630046736
-178.03150954243557,-178.46940270136983
-162.60232700346708,-162.6023917721531
-158.7686957015075,-158.7688027111973
-158.0626315824261,-283.3176990945402
-161.03197620872558,-161.03197609021066
-154.51512537972906,-154.51556564320418
-165.6352391964648,-310.4431130507379
-171.32534926369476,-282.4797745298713
-165.56147293839422,-165.57080311317247
-157.38849012397048,-157.38848954890068
-175.7691291629385,-176.35961552037793
-167.91790057247715,-167.91790058658148
-178.5878092765488,-178.90529900805228
-174.1419919055659,-174.90115186535485
-159.8036539508778,-159.80365388978987
-179.09602286211492,-179.0972308097406
-170.0855579713404,-170.08567979582955
-165.70503873683418,-165.7050461091103
-160.71045154412536,-160.8258610622546
-179.1434353503399,-179.14343681454739
-163.3909643405513,-163.39674447744818
-186.27156721323345,-186.27156677591276
-165.6987365079361,-180.77937189876116
-158.99800490938537,-159.00096169272186
-162.2728709567488,-162.52464961054096
-174.09233400184044,-174.1070817494833
-173.9323207502764,-173.93361948834783
-169.00346177237617,-173.43219555914322
-160.3875360717523,-160.38753602325733
-154.30232479805957,-154.30232476539283
-165.28855349220936,-165.30467348503896
-174.34455389296798,-174.34932275139718
-177.6717399718766,-177.6831351922716
-164.27567358635025,-164.27567349276387
-148.8043552367665,-148.8544086025826
-180.14470875001712,-190.14418371783546
-172.23378936618457,-172.2337906546992
-161.42668402776405,-161.42668358307236
-168.08024272728647,-171.10387660659046
-167.34911546858237,-167.34911536826527
-169.8763961494102,-169.87639604035837
-168.50330930086528,-168.5109244230064
-171.35769694347874,-171.35769610611754
-157.47795483957003,-157.66254191116147
-157.39564749877235,-157.39564742908306
-178.6113002146543,-178.61129952794232
-144.10378587545983,-144.1901728393879
-166.5563897195819,-166.55638953550857
-166.44646281192905,-166.44646270285517
-164.06084980574593,-164.2453425961209
-159.2981264397096,-159.2981769517907
-161.42131704304614,-161.42131658147372
-172.13065451192327,-172.13065583533245
-176.7418254786973,-176.74196403233032
-161.99497577561453,-162.13192627461154
-171.96451187782787,-172.16816113857902
-152.07680083085717,-152.07680050669393
-178.57840006573622,-178.57839999699144
-160.2215671538587,-164.14496591943276
-165.99620008229024,-165.9961995431047
-166.74936355356232,-166.80520348881294
-158.01060270369672,-158.01060506647434
-166.38379597711986,-166.39359723890524
-156.20711732292085,-156.21209417654285
-173.7795098869865,-277.2590430315746
-164.8526556000642,-165.04400531056075
-153.58099364220286,-210.40702397423226
-171.8620351259975,-171.86779886994674
-178.31537603003403,-331.9805389078909
-158.36577169689903,-208.85588729729506
-169.70542711567168,-169.88055968379632
-158.37364706984624,-296.18664641060775
-164.951064918418,-164.95464247733048
-167.83523326349965,-167.8352345033984
-157.1294212603243,-157.13268349833942
-171.44248280643285,-171.4529020174576
-161.0327386851807,-166.22559541552897
-182.9940737061152,-182.9941219457989
-170.30391239075584,-170.30391978017758
-170.39022231100836,-182.77336641367546
-161.90828572546405,-188.41587120867166
-175.98521094404066,-175.987965376842
-183.80337013351271,-197.29358818587457
-168.83164426782542,-354.92924357595575
-163.50999001094647,-163.50998043629045
-173.60445769536858,-176.14746553257598
-162.69895879971205,-162.70200045981102
-163.57163841875638,-163.57163817218955
-174.55649406918843,-174.5584693313205
-170.88029095022839,-205.62077418766967
-175.36430599021028,-175.36430594864112
-161.5296858738684,-161.52968543334742
-166.31596889293454,-166.31596617690127
-162.9145281676092,-162.98332987816752
-163.0465895825683,-163.1483239551909
-160.225904477095,-231.5106539249398
-165.60072334385143,-165.6007234854491
-184.2990655612807,-305.4045673513915
-172.54123332316345,-258.7621619400359
-161.43016301078598,-171.36760333890237
-159.37408893773357,-159.3758458505748
-155.05940030589647,-155.059400143402
-175.34557511688803,-175.3456270198485
-161.25240489133392,-161.25240474063946
-161.32096702371314,-161.32694730980285
-160.64445171174376,-165.66764239624416
-170.15043328892625,-170.15043315948355
-170.26643605387784,-268.58174712124276
-168.06423478735599,-168.06423446816189
-173.8944557709554,-173.89933298681268
-168.67629745688595,-168.6762974313282
-159.55292158742168,-159.55293649121813
-152.8301724637204,-152.83241712177045
-150.59185164795852,-150.59185385120782
-184.04821620134265,-184.05002378749236
-166.8067773384111,-166.80681159542877
-161.56980097238255,-161.572539069318
-160.11860878850936,-160.11958446839049
-168.55343413165266,-168.55343264765636
-170.3944416404425,-170.86254194721135
-171.39231874242014,-230.1496305905921
-174.10586046918155,-174.1058595841286
-168.51417150555548,-168.52164814091446
-174.74875233935774,-176.20020175594976
-170.80607163830254,-170.80607061053053
-167.89589436972994,-167.89589584338106
-159.53099742725357,-159.53100918338464
-167.57708781522638,-167.8264737277754
-164.05740652603703,-178.83385511758325
-161.27521415714557,-161.2752136416711
-167.57929303157673,-167.57993792875075
-166.50593509545075,-166.5059350052953
-175.88224069807282,-175.8999732020726
-157.37970852907824,-157.3797084370924
-162.20802544455162,-162.33625066270884
-162.19937801342314,-248.97274816301143
-166.35597746455034,-166.3559874821743
-169.47642730077257,-169.47642758045112
-176.42201836981553,-176.42266988127082
-173.8710293837715,-173.8720816713007
-142.5432286124383,-142.54322819102532
-157.37632309558754,-157.3844652040129
-172.29260456227837,-305.3258129178196
-169.9116859279303,-169.9875202404253
-170.71028073071318,-170.712745279797
-155.49131923951802,-155.86372353114692
-172.13763264064306,-172.138777896259
-163.87460541586933,-163.87460499227666
-172.50809158721444,-172.51907081662853
-170.9403100127617,-170.9924364323203
-155.33920231837595,-155.3392021883125
-175.8678481326616,-175.87293766980414
-172.49238815203734,-172.4923877067738
-175.95681064711226,-176.03058751644323
-166.17860731998312,-194.65291000316682
-173.01139077188378,-291.8394514023628
-168.82631156672917,-168.82675180051837
-165.92830735139296,-165.9283939266018
-180.81031059935944,-180.97997620788686
-175.95811229711,-175.95811198803597
-167.73809044699087,-167.73809036849502
-171.54767440785815,-171.7122405373999
-167.87306506915073,-167.92433291781657
-178.18514727619186,-167.8175808635079
-170.99947888792522,-170.99947870468264
-173.42259656127288,-173.42259655595012
-172.67931235062935,-173.3743102211946
-166.8692429364715,-190.7733528779234
-173.02622990309197,-176.02036129241927
-167.4778810203676,-167.53087316953628
-178.63976969354357,-178.63991885271645
-177.49784396382478,-286.33743590571277
-155.69743789202766,-155.8457335555911
-166.03063106246884,-166.03104901247062
-178.97770797047662,-179.06274668229048
-159.24259431578224,-159.24259418777513
-173.43975349736615,-173.60416706076523
-172.8093015511145,-172.8458700855042
-157.54357408933038,-157.5435738658044
-157.6872693815385,-281.3920108869707
-161.1002445914187,-161.10070069080467
-171.21969633931977,-171.26378050950078
-164.8114293288728,-164.81143060606047
-173.71877741965022,-173.71884038210615
-169.30465017047402,-169.30827095895768
-162.441278021187,-200.45680148180094
-177.41559295485507,-177.41559286941754
-169.6400218067066,-169.64002171286177
-169.640155457417,-169.64015395608217
-162.62627610679164,-162.6267386358499
-165.04956083017652,-165.04956068803085
-170.17803936931875,-171.1987468077173
-161.26389041998584,-161.263890004021
-175.0686780927094,-175.14778577285006
-172.4600236534634,-172.4602556522721
-172.96250484771969,-172.96250470344467
-160.4411590176904,-276.7497453108082
-164.64230478133774,-164.64230504501876
-161.36249994151842,-321.8502751928082
-166.77155358594507,-166.77155322225366
-165.55703811881864,-165.55704039333602
-154.62961584192692,-155.53301900634767
-172.60748923821285,-172.6074885638664
-167.40316343201005,-167.4721682973306
-169.90590204569287,-169.92588792351808
-169.3282942771931,-169.32830408009977
-167.9728454412897,-167.97284497111485
-162.06208654369289,-162.06209191394146
-139.855317917138,-139.87642090761398
-175.32570956257257,-175.33429969224068
-161.728757935945,-163.1953598527094
-177.279804278256,-247.519487338126
-171.562390947727,-171.56239589935547
-169.43824354150377,-169.43824339657746
-157.1714077953169,-157.19918569360428
-172.60472259441613,-172.60472238073316
-164.33404587219627,-164.33404538680367
-169.4296714786683,-194.6127623268396
-166.045935540036,-166.0459352442214
-175.55726247296502,-176.3361524153196
-165.82861733085332,-165.88828923529888
-171.48252815929948,-171.48461687745882
-164.613334204352,-164.64617437655517
-161.47904217006914,-161.82613883034466
-176.27861293610417,-176.27861276793354
-169.01803025196068,-169.0232367779932
-161.65859881461074,-162.0374453234675
-166.7038497028234,-166.75777055335521
-165.92148639741043,-165.9215524355807
-164.7565860548296,-164.7565858048902
-180.37057908360478,-254.82452313188207
-165.864269904793,-165.8994920159455
